"CBSA Code",Geographic area,Legal/statistical area description,Population,,Population rank1,,"Land area in square miles
10180,"Abilene, TX",Metropolitan Statistical Area,"165,252","160,245",240,230,"2,743.5",
10420,"Akron, OH",Metropolitan Statistical Area,"703,200","694,960",72,67,900.1,
10500,"Albany, GA",Metropolitan Statistical Area,"157,308","157,833",252,233,"1,932.6",
10580,"Albany-Schenectady-Troy, NY",Metropolitan Statistical Area,"870,716","825,875",58,56,"2,811.6",
10740,"Albuquerque, NM",Metropolitan Statistical Area,"887,077","729,649",57,65,"9,282.5",
10780,"Alexandria, LA",Metropolitan Statistical Area,"153,922","145,035",257,252,"1,961.0",
10900,"Allentown-Bethlehem-Easton, PA-NJ",Metropolitan Statistical Area,"821,173","740,395",64,64,"1,453.2",
11020,"Altoona, PA",Metropolitan Statistical Area,"127,089","129,144",301,276,525.8,
11100,"Amarillo, TX",Metropolitan Statistical Area,"249,881","226,522",185,179,"3,649.2",
11180,"Ames, IA",Metropolitan Statistical Area,"89,542","79,981",356,358,572.8,
11260,"Anchorage, AK",Metropolitan Statistical Area,"380,821","319,605",133,143,"26,312.6",
11300,"Anderson, IN",Metropolitan Statistical Area,"131,636","133,358",293,268,451.9,
11340,"Anderson, SC",Metropolitan Statistical Area,"187,126","165,740",222,224,715.4,
11460,"Ann Arbor, MI",Metropolitan Statistical Area,"344,791","322,895",146,140,706.0,
11500,"Anniston-Oxford, AL",Metropolitan Statistical Area,"118,572","112,249",315,305,605.9,
11540,"Appleton, WI",Metropolitan Statistical Area,"225,666","201,602",194,191,955.8,
11700,"Asheville, NC",Metropolitan Statistical Area,"424,858","369,171",117,124,"2,033.0",
12020,"Athens-Clarke County, GA",Metropolitan Statistical Area,"192,541","166,079",219,223,"1,024.8",
12060,"Atlanta-Sandy Springs-Marietta, GA",Metropolitan Statistical Area,"5,268,860","4,247,981",9,11,"8,338.5",
12100,"Atlantic City-Hammonton, NJ",Metropolitan Statistical Area,"274,549","252,552",166,165,555.7,
12220,"Auburn-Opelika, AL",Metropolitan Statistical Area,"140,247","115,092",276,297,607.5,
12260,"Augusta-Richmond County, GA-SC",Metropolitan Statistical Area,"556,877","499,684",92,89,"3,270.3",
12420,"Austin-Round Rock-San Marcos, TX",Metropolitan Statistical Area,"1,716,289","1,249,763",35,40,"4,219.9",
12540,"Bakersfield-Delano, CA",Metropolitan Statistical Area,"839,631","661,645",62,70,"8,131.9",
12580,"Baltimore-Towson, MD",Metropolitan Statistical Area,"2,710,489","2,552,994",20,19,"2,601.5",
12620,"Bangor, ME",Metropolitan Statistical Area,"153,923","144,919",256,253,"3,397.4",
12700,"Barnstable Town, MA",Metropolitan Statistical Area,"215,888","222,230",197,184,393.7,
12940,"Baton Rouge, LA",Metropolitan Statistical Area,"802,484","705,973",65,66,"4,026.9",
12980,"Battle Creek, MI",Metropolitan Statistical Area,"136,146","137,985",287,265,706.2,
13020,"Bay City, MI",Metropolitan Statistical Area,"107,771","110,157",333,310,442.3,
13140,"Beaumont-Port Arthur, TX",Metropolitan Statistical Area,"388,745","385,090",132,117,"2,100.5",
13380,"Bellingham, WA",Metropolitan Statistical Area,"201,140","166,814",210,222,"2,106.9",
13460,"Bend, OR",Metropolitan Statistical Area,"157,733","115,367",251,296,"3,018.2",
13740,"Billings, MT",Metropolitan Statistical Area,"158,050","138,904",250,264,"4,682.1",
13780,"Binghamton, NY",Metropolitan Statistical Area,"251,725","252,320",182,166,"1,224.4",
13820,"Birmingham-Hoover, AL",Metropolitan Statistical Area,"1,128,047","1,052,238",49,48,"5,279.5",
13900,"Bismarck, ND",Metropolitan Statistical Area,"108,779","94,719",332,343,"3,558.9",
13980,"Blacksburg-Christiansburg-Radford, VA",Metropolitan Statistical Area,"162,958","151,272",241,242,"1,072.5",
14020,"Bloomington, IN",Metropolitan Statistical Area,"192,714","175,506",218,211,"1,322.3",
14060,"Bloomington-Normal, IL",Metropolitan Statistical Area,"169,572","150,433",235,244,"1,183.4",
14260,"Boise City-Nampa, ID",Metropolitan Statistical Area,"616,561","464,840",86,97,"11,765.6",
14460,"Boston-Cambridge-Quincy, MA-NH",Metropolitan Statistical Area,"4,552,402","4,391,344",10,10,"3,487.4",
14500,"Boulder, CO",Metropolitan Statistical Area,"294,567","269,814",160,159,726.3,
14540,"Bowling Green, KY",Metropolitan Statistical Area,"125,953","104,166",304,325,844.5,
14740,"Bremerton-Silverdale, WA",Metropolitan Statistical Area,"251,133","231,969",183,177,394.9,
14860,"Bridgeport-Stamford-Norwalk, CT",Metropolitan Statistical Area,"916,829","882,567",56,51,624.9,
15180,"Brownsville-Harlingen, TX",Metropolitan Statistical Area,"406,220","335,227",126,137,890.9,
15260,"Brunswick, GA",Metropolitan Statistical Area,"112,370","93,044",325,344,"1,286.4",
15380,"Buffalo-Niagara Falls, NY",Metropolitan Statistical Area,"1,135,509","1,170,111",47,42,"1,565.1",
15500,"Burlington, NC",Metropolitan Statistical Area,"151,131","130,800",264,272,423.9,
15540,"Burlington-South Burlington, VT",Metropolitan Statistical Area,"211,261","198,889",199,193,"1,252.1",
15940,"Canton-Massillon, OH",Metropolitan Statistical Area,"404,422","406,934",128,110,969.9,
15980,"Cape Coral-Fort Myers, FL",Metropolitan Statistical Area,"618,754","440,888",85,103,784.5,
16020,"Cape Girardeau-Jackson, MO-IL",Metropolitan Statistical Area,"96,275","90,312",350,349,"1,431.9",
16180,"Carson City, NV",Metropolitan Statistical Area,"55,274","52,457",366,365,144.7,
16220,"Casper, WY",Metropolitan Statistical Area,"75,450","66,533",364,363,"5,340.4",
16300,"Cedar Rapids, IA",Metropolitan Statistical Area,"257,940","237,230",176,174,"2,008.8",
16580,"Champaign-Urbana, IL",Metropolitan Statistical Area,"231,891","210,275",191,187,"1,921.1",
16620,"Charleston, WV",Metropolitan Statistical Area,"304,284","309,635",154,147,"2,527.7",
16700,"Charleston-North Charleston-Summerville, SC",Metropolitan Statistical Area,"664,607","549,033",79,85,"2,588.2",
16740,"Charlotte-Gastonia-Rock Hill, NC-SC",Metropolitan Statistical Area,"1,758,038","1,330,448",33,37,"3,085.2",
16820,"Charlottesville, VA",Metropolitan Statistical Area,"201,559","174,021",209,215,"1,644.0",
16860,"Chattanooga, TN-GA",Metropolitan Statistical Area,"528,143","476,531",97,94,"2,089.0",
16940,"Cheyenne, WY",Metropolitan Statistical Area,"91,738","81,607",354,356,"2,685.9",
16980,"Chicago-Joliet-Naperville, IL-IN-WI",Metropolitan Statistical Area,"9,461,105","9,098,316",3,3,"7,196.8",
17020,"Chico, CA",Metropolitan Statistical Area,"220,000","203,171",195,190,"1,636.5",
17140,"Cincinnati-Middletown, OH-KY-IN",Metropolitan Statistical Area,"2,130,151","2,009,632",27,24,"4,391.9",
17300,"Clarksville, TN-KY",Metropolitan Statistical Area,"273,949","232,000",168,176,"2,157.4",
17420,"Cleveland, TN",Metropolitan Statistical Area,"115,788","104,015",319,326,763.4,
17460,"Cleveland-Elyria-Mentor, OH",Metropolitan Statistical Area,"2,077,240","2,148,143",28,23,"1,997.3",
17660,"Coeur d'Alene, ID",Metropolitan Statistical Area,"138,494","108,685",279,316,"1,244.1",
17780,"College Station-Bryan, TX",Metropolitan Statistical Area,"228,660","184,885",192,204,"2,100.2",
17820,"Colorado Springs, CO",Metropolitan Statistical Area,"645,613","537,484",82,86,"2,683.9",
17860,"Columbia, MO",Metropolitan Statistical Area,"172,786","145,666",232,251,"1,149.3",
17900,"Columbia, SC",Metropolitan Statistical Area,"767,598","647,158",70,73,"3,702.7",
17980,"Columbus, GA-AL",Metropolitan Statistical Area,"294,865","281,768",159,154,"1,936.1",
18020,"Columbus, IN",Metropolitan Statistical Area,"76,794","71,435",363,362,406.9,
18140,"Columbus, OH",Metropolitan Statistical Area,"1,836,536","1,612,694",32,31,"3,967.2",
18580,"Corpus Christi, TX",Metropolitan Statistical Area,"428,185","403,280",114,111,"1,784.0",
18700,"Corvallis, OR",Metropolitan Statistical Area,"85,579","78,153",358,360,675.9,
18880,"Crestview-Fort Walton Beach-Destin, FL",Metropolitan Statistical Area,"180,822","170,498",225,217,930.2,
19060,"Cumberland, MD-WV",Metropolitan Statistical Area,"103,299","102,008",339,334,752.0,
19100,"Dallas-Fort Worth-Arlington, TX",Metropolitan Statistical Area,"6,371,773","5,161,544",4,5,"8,927.5",
19140,"Dalton, GA",Metropolitan Statistical Area,"142,227","120,031",275,290,634.9,
19180,"Danville, IL",Metropolitan Statistical Area,"81,625","83,919",359,353,898.4,
19260,"Danville, VA",Metropolitan Statistical Area,"106,561","110,156",336,311,"1,011.9",
19340,"Davenport-Moline-Rock Island, IA-IL",Metropolitan Statistical Area,"379,690","376,019",134,121,"2,269.9",
19380,"Dayton, OH",Metropolitan Statistical Area,"841,502","848,153",61,54,"1,706.0",
19460,"Decatur, AL",Metropolitan Statistical Area,"153,829","145,867",258,250,"1,270.0",
19500,"Decatur, IL",Metropolitan Statistical Area,"110,768","114,706",330,299,580.7,
19660,"Deltona-Daytona Beach-Ormond Beach, FL",Metropolitan Statistical Area,"494,593","443,343",103,101,"1,101.0",
19740,"Denver-Aurora-Broomfield, CO",Metropolitan Statistical Area,"2,543,482","2,179,240",21,22,"8,346.1",
19780,"Des Moines-West Des Moines, IA",Metropolitan Statistical Area,"569,633","481,394",88,93,"2,883.7",
19820,"Detroit-Warren-Livonia, MI",Metropolitan Statistical Area,"4,296,250","4,452,557",12,9,"3,888.4",
20020,"Dothan, AL",Metropolitan Statistical Area,"145,639","130,861",270,271,"1,716.0",
20100,"Dover, DE",Metropolitan Statistical Area,"162,310","126,697",242,279,586.2,
20220,"Dubuque, IA",Metropolitan Statistical Area,"93,653","89,143",353,350,608.3,
20260,"Duluth, MN-WI",Metropolitan Statistical Area,"279,771","275,486",165,156,"8,412.9",
20500,"Durham-Chapel Hill, NC",Metropolitan Statistical Area,"504,357","426,493",102,105,"1,758.4",
20740,"Eau Claire, WI",Metropolitan Statistical Area,"161,151","148,337",245,246,"1,646.4",
20940,"El Centro, CA",Metropolitan Statistical Area,"174,528","142,361",231,258,"4,176.6",
21060,"Elizabethtown, KY",Metropolitan Statistical Area,"119,736","107,547",314,320,884.8,
21140,"Elkhart-Goshen, IN",Metropolitan Statistical Area,"197,559","182,791",215,205,463.2,
21300,"Elmira, NY",Metropolitan Statistical Area,"88,830","91,070",357,346,407.4,
21340,"El Paso, TX",Metropolitan Statistical Area,"800,647","679,622",66,69,"1,012.7",
21500,"Erie, PA",Metropolitan Statistical Area,"280,566","280,843",164,155,799.2,
21660,"Eugene-Springfield, OR",Metropolitan Statistical Area,"351,715","322,959",143,139,"4,553.1",
21780,"Evansville, IN-KY",Metropolitan Statistical Area,"358,676","342,815",142,133,"2,284.0",
21820,"Fairbanks, AK",Metropolitan Statistical Area,"97,581","82,840",346,355,"7,338.2",
22020,"Fargo, ND-MN",Metropolitan Statistical Area,"208,777","174,367",204,214,"2,810.3",
22140,"Farmington, NM",Metropolitan Statistical Area,"130,044","113,801",296,300,"5,513.1",
22180,"Fayetteville, NC",Metropolitan Statistical Area,"366,383","336,609",139,136,"1,043.1",
22220,"Fayetteville-Springdale-Rogers, AR-MO",Metropolitan Statistical Area,"463,204","347,045",109,130,"3,163.1",
22380,"Flagstaff, AZ",Metropolitan Statistical Area,"134,421","116,320",289,293,"18,618.9",
22420,"Flint, MI",Metropolitan Statistical Area,"425,790","436,141",115,104,637.0,
22500,"Florence, SC",Metropolitan Statistical Area,"205,566","193,155",206,198,"1,361.1",
22520,"Florence-Muscle Shoals, AL",Metropolitan Statistical Area,"147,137","142,950",268,257,"1,260.3",
22540,"Fond du Lac, WI",Metropolitan Statistical Area,"101,633","97,296",341,340,719.6,
22660,"Fort Collins-Loveland, CO",Metropolitan Statistical Area,"299,630","251,494",156,167,"2,596.0",
22900,"Fort Smith, AR-OK",Metropolitan Statistical Area,"298,592","273,170",158,158,"3,996.3",
23060,"Fort Wayne, IN",Metropolitan Statistical Area,"416,257","390,156",121,116,"1,361.0",
23420,"Fresno, CA",Metropolitan Statistical Area,"930,450","799,407",55,58,"5,958.0",
23460,"Gadsden, AL",Metropolitan Statistical Area,"104,430","103,459",338,329,535.0,
23540,"Gainesville, FL",Metropolitan Statistical Area,"264,275","232,392",173,175,"1,224.7",
23580,"Gainesville, GA",Metropolitan Statistical Area,"179,684","139,277",226,262,392.8,
24020,"Glens Falls, NY",Metropolitan Statistical Area,"128,923","124,345",298,281,"1,698.1",
24140,"Goldsboro, NC",Metropolitan Statistical Area,"122,623","113,329",311,301,553.1,
24220,"Grand Forks, ND-MN",Metropolitan Statistical Area,"98,461","97,478",345,339,"3,407.5",
24300,"Grand Junction, CO",Metropolitan Statistical Area,"146,723","116,255",269,294,"3,329.0",
24340,"Grand Rapids-Wyoming, MI",Metropolitan Statistical Area,"774,160","740,482",69,63,"2,784.5",
24500,"Great Falls, MT",Metropolitan Statistical Area,"81,327","80,357",360,357,"2,698.2",
24540,"Greeley, CO",Metropolitan Statistical Area,"252,825","180,926",179,208,"3,987.2",
24580,"Green Bay, WI",Metropolitan Statistical Area,"306,241","282,599",153,153,"1,870.2",
24660,"Greensboro-High Point, NC",Metropolitan Statistical Area,"723,801","643,430",71,74,"1,993.8",
24780,"Greenville, NC",Metropolitan Statistical Area,"189,510","152,772",220,238,917.9,
24860,"Greenville-Mauldin-Easley, SC",Metropolitan Statistical Area,"636,986","559,940",83,84,"1,995.3",
25060,"Gulfport-Biloxi, MS",Metropolitan Statistical Area,"248,820","246,190",186,171,"1,493.2",
25180,"Hagerstown-Martinsburg, MD-WV",Metropolitan Statistical Area,"269,140","222,771",172,181,"1,008.0",
25260,"Hanford-Corcoran, CA",Metropolitan Statistical Area,"152,982","129,461",259,274,"1,389.4",
25420,"Harrisburg-Carlisle, PA",Metropolitan Statistical Area,"549,475","509,074",93,87,"1,622.0",
25500,"Harrisonburg, VA",Metropolitan Statistical Area,"125,228","108,193",306,318,866.5,
25540,"Hartford-West Hartford-East Hartford, CT",Metropolitan Statistical Area,"1,212,381","1,148,618",45,44,"1,514.6",
25620,"Hattiesburg, MS",Metropolitan Statistical Area,"142,842","123,812",274,283,"1,610.6",
25860,"Hickory-Lenoir-Morganton, NC",Metropolitan Statistical Area,"365,497","341,851",140,135,"1,637.4",
25980,"Hinesville-Fort Stewart, GA",Metropolitan Statistical Area,"77,917","71,914",361,361,890.1,
26100,"Holland-Grand Haven, MI",Metropolitan Statistical Area,"263,801","238,314",174,173,563.5,
26180,"Honolulu, HI",Metropolitan Statistical Area,"953,207","876,156",53,52,600.7,
26300,"Hot Springs, AR",Metropolitan Statistical Area,"96,024","88,068",351,351,677.8,
26380,"Houma-Bayou Cane-Thibodaux, LA",Metropolitan Statistical Area,"208,178","194,477",205,195,"2,300.0",
26420,"Houston-Sugar Land-Baytown, TX",Metropolitan Statistical Area,"5,946,800","4,715,407",6,8,"8,827.5",
26580,"Huntington-Ashland, WV-KY-OH",Metropolitan Statistical Area,"287,702","288,649",161,151,"1,744.6",
26620,"Huntsville, AL",Metropolitan Statistical Area,"417,593","342,376",120,134,"1,361.5",
26820,"Idaho Falls, ID",Metropolitan Statistical Area,"130,374","101,677",295,335,"2,959.6",
26900,"Indianapolis-Carmel, IN",Metropolitan Statistical Area,"1,756,241","1,525,104",34,34,"3,854.5",
26980,"Iowa City, IA",Metropolitan Statistical Area,"152,586","131,676",260,270,"1,182.9",
27060,"Ithaca, NY",Metropolitan Statistical Area,"101,564","96,501",342,341,474.6,
27100,"Jackson, MI",Metropolitan Statistical Area,"160,248","158,422",247,232,701.7,
27140,"Jackson, MS",Metropolitan Statistical Area,"539,057","497,197",96,90,"3,726.1",
27180,"Jackson, TN",Metropolitan Statistical Area,"115,425","107,377",321,321,842.9,
27260,"Jacksonville, FL",Metropolitan Statistical Area,"1,345,596","1,122,750",40,45,"3,201.1",
27340,"Jacksonville, NC",Metropolitan Statistical Area,"177,772","150,355",227,245,762.7,
27500,"Janesville, WI",Metropolitan Statistical Area,"160,331","152,307",246,240,718.1,
27620,"Jefferson City, MO",Metropolitan Statistical Area,"149,807","140,052",266,261,"2,247.7",
27740,"Johnson City, TN",Metropolitan Statistical Area,"198,716","181,607",214,206,853.8,
27780,"Johnstown, PA",Metropolitan Statistical Area,"143,679","152,598",272,239,688.4,
27860,"Jonesboro, AR",Metropolitan Statistical Area,"121,026","107,762",312,319,"1,465.6",
27900,"Joplin, MO",Metropolitan Statistical Area,"175,518","157,322",230,234,"1,263.3",
28020,"Kalamazoo-Portage, MI",Metropolitan Statistical Area,"326,589","314,866",148,146,"1,169.1",
28100,"Kankakee-Bradley, IL",Metropolitan Statistical Area,"113,449","103,833",324,327,676.6,
28140,"Kansas City, MO-KS",Metropolitan Statistical Area,"2,035,334","1,836,038",29,26,"7,827.3",
28420,"Kennewick-Pasco-Richland, WA",Metropolitan Statistical Area,"253,340","191,822",178,201,"2,942.6",
28660,"Killeen-Temple-Fort Hood, TX",Metropolitan Statistical Area,"405,300","330,714",127,138,"2,815.9",
28700,"Kingsport-Bristol-Bristol, TN-VA",Metropolitan Statistical Area,"309,544","298,484",151,149,"2,009.9",
28740,"Kingston, NY",Metropolitan Statistical Area,"182,493","177,749",224,210,"1,124.2",
28940,"Knoxville, TN",Metropolitan Statistical Area,"698,030","616,079",75,76,"1,856.8",
29020,"Kokomo, IN",Metropolitan Statistical Area,"98,688","101,541",344,336,553.6,
29100,"La Crosse, WI-MN",Metropolitan Statistical Area,"133,665","126,838",291,278,"1,003.7",
29140,"Lafayette, IN",Metropolitan Statistical Area,"201,789","178,541",208,209,"1,278.4",
29180,"Lafayette, LA",Metropolitan Statistical Area,"273,738","239,086",169,172,"1,006.4",
29340,"Lake Charles, LA",Metropolitan Statistical Area,"199,607","193,568",213,197,"2,348.5",
29420,"Lake Havasu City-Kingman, AZ",Metropolitan Statistical Area,"200,186","155,032",211,236,"13,311.1",
29460,"Lakeland-Winter Haven, FL",Metropolitan Statistical Area,"602,095","483,924",87,92,"1,797.8",
29540,"Lancaster, PA",Metropolitan Statistical Area,"519,445","470,658",99,96,943.8,
29620,"Lansing-East Lansing, MI",Metropolitan Statistical Area,"464,036","447,728",108,99,"1,697.7",
29700,"Laredo, TX",Metropolitan Statistical Area,"250,304","193,117",184,199,"3,361.5",
29740,"Las Cruces, NM",Metropolitan Statistical Area,"209,233","174,682",203,213,"3,807.5",
29820,"Las Vegas-Paradise, NV",Metropolitan Statistical Area,"1,951,269","1,375,765",30,36,"7,891.4",
29940,"Lawrence, KS",Metropolitan Statistical Area,"110,826","99,962",329,337,455.9,
30020,"Lawton, OK",Metropolitan Statistical Area,"124,098","114,996",310,298,"1,069.3",
30140,"Lebanon, PA",Metropolitan Statistical Area,"133,568","120,327",292,288,361.8,
30300,"Lewiston, ID-WA",Metropolitan Statistical Area,"60,888","57,961",365,364,"1,484.3",
30340,"Lewiston-Auburn, ME",Metropolitan Statistical Area,"107,702","103,793",334,328,467.9,
30460,"Lexington-Fayette, KY",Metropolitan Statistical Area,"472,099","408,326",106,109,"1,468.5",
30620,"Lima, OH",Metropolitan Statistical Area,"106,331","108,473",337,317,402.5,
30700,"Lincoln, NE",Metropolitan Statistical Area,"302,157","266,787",155,160,"1,409.0",
30780,"Little Rock-North Little Rock-Conway, AR",Metropolitan Statistical Area,"699,757","610,518",74,77,"4,085.2",
30860,"Logan, UT-ID",Metropolitan Statistical Area,"125,442","102,720",305,332,"1,828.5",
30980,"Longview, TX",Metropolitan Statistical Area,"214,369","194,042",198,196,"1,780.3",
31020,"Longview, WA",Metropolitan Statistical Area,"102,410","92,948",340,345,"1,140.1",
31080,"Los Angeles-Long Beach-Santa Ana, CA",Metropolitan Statistical Area,"12,828,837","12,365,627",2,2,"4,848.5",
31140,"Louisville/Jefferson County, KY-IN",Metropolitan Statistical Area,"1,283,566","1,161,975",42,43,"4,110.9",
31180,"Lubbock, TX",Metropolitan Statistical Area,"284,890","249,700",162,169,"1,795.8",
31340,"Lynchburg, VA",Metropolitan Statistical Area,"252,634","228,616",180,178,"2,120.3",
31420,"Macon, GA",Metropolitan Statistical Area,"232,293","222,368",190,183,"1,722.6",
31460,"Madera-Chowchilla, CA",Metropolitan Statistical Area,"150,865","123,109",265,284,"2,137.1",
31540,"Madison, WI",Metropolitan Statistical Area,"568,593","501,774",89,88,"2,725.3",
31700,"Manchester-Nashua, NH",Metropolitan Statistical Area,"400,721","380,841",129,119,876.1,
31740,"Manhattan, KS",Metropolitan Statistical Area,"127,081","108,999",302,315,"1,835.4",
31860,"Mankato-North Mankato, MN",Metropolitan Statistical Area,"96,740","85,712",348,352,"1,196.3",
31900,"Mansfield, OH",Metropolitan Statistical Area,"124,475","128,852",308,277,495.3,
32580,"McAllen-Edinburg-Mission, TX",Metropolitan Statistical Area,"774,769","569,463",68,81,"1,570.9",
32780,"Medford, OR",Metropolitan Statistical Area,"203,206","181,269",207,207,"2,783.5",
32820,"Memphis, TN-MS-AR",Metropolitan Statistical Area,"1,316,100","1,205,204",41,41,"4,577.9",
32900,"Merced, CA",Metropolitan Statistical Area,"255,793","210,554",177,186,"1,935.0",
33100,"Miami-Fort Lauderdale-Pompano Beach, FL",Metropolitan Statistical Area,"5,564,635","5,007,564",8,6,"5,077.3",
33140,"Michigan City-La Porte, IN",Metropolitan Statistical Area,"111,467","110,106",327,312,598.3,
33260,"Midland, TX",Metropolitan Statistical Area,"136,872","116,009",284,295,900.3,
33340,"Milwaukee-Waukesha-West Allis, WI",Metropolitan Statistical Area,"1,555,908","1,500,741",39,35,"1,454.8",
33460,"Minneapolis-St. Paul-Bloomington, MN-WI",Metropolitan Statistical Area,"3,279,833","2,968,806",16,16,"6,027.2",
33540,"Missoula, MT",Metropolitan Statistical Area,"109,299","95,802",331,342,"2,593.4",
33660,"Mobile, AL",Metropolitan Statistical Area,"412,992","399,843",124,113,"1,229.4",
33700,"Modesto, CA",Metropolitan Statistical Area,"514,453","446,997",100,100,"1,494.8",
33740,"Monroe, LA",Metropolitan Statistical Area,"176,441","170,053",229,219,"1,487.4",
33780,"Monroe, MI",Metropolitan Statistical Area,"152,021","145,945",262,249,549.4,
33860,"Montgomery, AL",Metropolitan Statistical Area,"374,536","346,528",136,131,"2,713.1",
34060,"Morgantown, WV",Metropolitan Statistical Area,"129,709","111,200",297,307,"1,008.9",
34100,"Morristown, TN",Metropolitan Statistical Area,"136,608","123,081",285,285,715.9,
34580,"Mount Vernon-Anacortes, WA",Metropolitan Statistical Area,"116,901","102,979",317,331,"1,731.2",
34620,"Muncie, IN",Metropolitan Statistical Area,"117,671","118,769",316,292,392.1,
34740,"Muskegon-Norton Shores, MI",Metropolitan Statistical Area,"172,188","170,200",234,218,499.2,
34820,"Myrtle Beach-North Myrtle Beach-Conway, SC",Metropolitan Statistical Area,"269,291","196,629",171,194,"1,133.9",
34900,"Napa, CA",Metropolitan Statistical Area,"136,484","124,279",286,282,748.4,
34940,"Naples-Marco Island, FL",Metropolitan Statistical Area,"321,520","251,377",149,168,"1,998.3",
34980,"Nashville-Davidson--Murfreesboro--Franklin, TN",Metropolitan Statistical Area,"1,589,934","1,311,789",38,39,"5,688.7",
35300,"New Haven-Milford, CT",Metropolitan Statistical Area,"862,477","824,008",60,57,604.5,
35380,"New Orleans-Metairie-Kenner, LA",Metropolitan Statistical Area,"1,167,764","1,316,510",46,38,"2,960.2",
35620,"New York-Northern New Jersey-Long Island, NY-NJ-PA",Metropolitan Statistical Area,"18,897,109","18,323,002",1,1,"6,686.9",
35660,"Niles-Benton Harbor, MI",Metropolitan Statistical Area,"156,813","162,453",254,229,567.7,
35840,"North Port-Bradenton-Sarasota, FL",Metropolitan Statistical Area,"702,281","589,959",73,79,"1,298.8",
35980,"Norwich-New London, CT",Metropolitan Statistical Area,"274,055","259,088",167,161,664.9,
36100,"Ocala, FL",Metropolitan Statistical Area,"331,298","258,916",147,162,"1,584.5",
36140,"Ocean City, NJ",Metropolitan Statistical Area,"97,265","102,326",347,333,251.4,
36220,"Odessa, TX",Metropolitan Statistical Area,"137,130","121,123",283,287,897.7,
36260,"Ogden-Clearfield, UT",Metropolitan Statistical Area,"547,184","442,656",94,102,"1,484.1",
36420,"Oklahoma City, OK",Metropolitan Statistical Area,"1,252,987","1,095,421",44,47,"5,511.6",
36500,"Olympia, WA",Metropolitan Statistical Area,"252,264","207,355",181,189,722.0,
36540,"Omaha-Council Bluffs, NE-IA",Metropolitan Statistical Area,"865,350","767,041",59,60,"4,349.6",
36740,"Orlando-Kissimmee-Sanford, FL",Metropolitan Statistical Area,"2,134,411","1,644,561",26,30,"3,478.5",
36780,"Oshkosh-Neenah, WI",Metropolitan Statistical Area,"166,994","156,763",238,235,434.5,
36980,"Owensboro, KY",Metropolitan Statistical Area,"114,752","109,875",323,313,898.5,
37100,"Oxnard-Thousand Oaks-Ventura, CA",Metropolitan Statistical Area,"823,318","753,197",63,61,"1,843.1",
37340,"Palm Bay-Melbourne-Titusville, FL",Metropolitan Statistical Area,"543,376","476,230",95,95,"1,015.7",
37380,"Palm Coast, FL",Metropolitan Statistical Area,"95,696","49,832",352,366,485.5,
37460,"Panama City-Lynn Haven-Panama City Beach, FL",Metropolitan Statistical Area,"168,852","148,217",236,247,758.5,
37620,"Parkersburg-Marietta-Vienna, WV-OH",Metropolitan Statistical Area,"162,056","164,624",244,225,"1,360.8",
37700,"Pascagoula, MS",Metropolitan Statistical Area,"162,246","150,564",243,243,"1,201.5",
37860,"Pensacola-Ferry Pass-Brent, FL",Metropolitan Statistical Area,"448,991","412,153",110,108,"1,668.1",
37900,"Peoria, IL",Metropolitan Statistical Area,"379,186","366,899",135,127,"2,470.9",
37980,"Philadelphia-Camden-Wilmington, PA-NJ-DE-MD",Metropolitan Statistical Area,"5,965,343","5,687,147",5,4,"4,602.1",
38060,"Phoenix-Mesa-Glendale, AZ",Metropolitan Statistical Area,"4,192,887","3,251,876",14,14,"14,565.8",
38220,"Pine Bluff, AR",Metropolitan Statistical Area,"100,258","107,341",343,322,"2,030.0",
38300,"Pittsburgh, PA",Metropolitan Statistical Area,"2,356,285","2,431,087",22,20,"5,281.5",
38340,"Pittsfield, MA",Metropolitan Statistical Area,"131,219","134,953",294,267,926.8,
38540,"Pocatello, ID",Metropolitan Statistical Area,"90,656","83,103",355,354,"2,516.2",
38860,"Portland-South Portland-Biddeford, ME",Metropolitan Statistical Area,"514,098","487,568",101,91,"2,079.6",
38900,"Portland-Vancouver-Hillsboro, OR-WA",Metropolitan Statistical Area,"2,226,009","1,927,881",23,25,"6,683.7",
38940,"Port St. Lucie, FL",Metropolitan Statistical Area,"424,107","319,426",118,144,"1,115.4",
39100,"Poughkeepsie-Newburgh-Middletown, NY",Metropolitan Statistical Area,"670,301","621,517",78,75,"1,607.3",
39140,"Prescott, AZ",Metropolitan Statistical Area,"211,033","167,517",200,220,"8,123.5",
39300,"Providence-New Bedford-Fall River, RI-MA",Metropolitan Statistical Area,"1,600,852","1,582,997",37,32,"1,586.9",
39340,"Provo-Orem, UT",Metropolitan Statistical Area,"526,810","376,774",98,120,"5,395.7",
39380,"Pueblo, CO",Metropolitan Statistical Area,"159,063","141,472",249,260,"2,386.1",
39460,"Punta Gorda, FL",Metropolitan Statistical Area,"159,978","141,627",248,259,680.3,
39540,"Racine, WI",Metropolitan Statistical Area,"195,408","188,831",217,202,332.5,
39580,"Raleigh-Cary, NC",Metropolitan Statistical Area,"1,130,490","797,071",48,59,"2,118.2",
39660,"Rapid City, SD",Metropolitan Statistical Area,"126,382","112,818",303,303,"6,247.5",
39740,"Reading, PA",Metropolitan Statistical Area,"411,442","373,638",125,123,856.5,
39820,"Redding, CA",Metropolitan Statistical Area,"177,223","163,256",228,228,"3,775.4",
39900,"Reno-Sparks, NV",Metropolitan Statistical Area,"425,417","342,885",116,132,"6,565.3",
40060,"Richmond, VA",Metropolitan Statistical Area,"1,258,251","1,096,957",43,46,"5,685.0",
40140,"Riverside-San Bernardino-Ontario, CA",Metropolitan Statistical Area,"4,224,851","3,254,821",13,13,"27,263.4",
40220,"Roanoke, VA",Metropolitan Statistical Area,"308,707","288,309",152,152,"1,868.7",
40340,"Rochester, MN",Metropolitan Statistical Area,"186,011","163,618",223,227,"1,615.6",
40380,"Rochester, NY",Metropolitan Statistical Area,"1,054,323","1,037,831",51,49,"2,928.1",
40420,"Rockford, IL",Metropolitan Statistical Area,"349,431","320,204",144,142,794.1,
40580,"Rocky Mount, NC",Metropolitan Statistical Area,"152,392","143,026",261,256,"1,045.7",
40660,"Rome, GA",Metropolitan Statistical Area,"96,317","90,565",349,347,509.9,
40900,"Sacramento--Arden-Arcade--Roseville, CA",Metropolitan Statistical Area,"2,149,127","1,796,857",24,27,"5,094.2",
40980,"Saginaw-Saginaw Township North, MI",Metropolitan Statistical Area,"200,169","210,039",212,188,800.1,
41060,"St. Cloud, MN",Metropolitan Statistical Area,"189,093","167,392",221,221,"1,751.4",
41100,"St. George, UT",Metropolitan Statistical Area,"138,115","90,354",281,348,"2,426.4",
41140,"St. Joseph, MO-KS",Metropolitan Statistical Area,"127,329","122,336",300,286,"1,655.5",
41180,"St. Louis, MO-IL",Metropolitan Statistical Area,"2,812,896","2,698,687",18,18,"8,623.2",
41420,"Salem, OR",Metropolitan Statistical Area,"390,738","347,214",131,129,"1,923.1",
41500,"Salinas, CA",Metropolitan Statistical Area,"415,057","401,762",122,112,"3,280.6",
41540,"Salisbury, MD",Metropolitan Statistical Area,"125,203","109,391",307,314,694.2,
41620,"Salt Lake City, UT",Metropolitan Statistical Area,"1,124,197","968,858",50,50,"9,555.3",
41660,"San Angelo, TX",Metropolitan Statistical Area,"111,823","105,781",326,323,"2,573.5",
41700,"San Antonio-New Braunfels, TX",Metropolitan Statistical Area,"2,142,508","1,711,703",25,29,"7,312.6",
41740,"San Diego-Carlsbad-San Marcos, CA",Metropolitan Statistical Area,"3,095,313","2,813,833",17,17,"4,206.6",
41780,"Sandusky, OH",Metropolitan Statistical Area,"77,079","79,551",362,359,251.6,
41860,"San Francisco-Oakland-Fremont, CA",Metropolitan Statistical Area,"4,335,391","4,123,740",11,12,"2,470.5",
41940,"San Jose-Sunnyvale-Santa Clara, CA",Metropolitan Statistical Area,"1,836,911","1,735,819",31,28,"2,678.8",
42020,"San Luis Obispo-Paso Robles, CA",Metropolitan Statistical Area,"269,637","246,681",170,170,"3,298.6",
42060,"Santa Barbara-Santa Maria-Goleta, CA",Metropolitan Statistical Area,"423,895","399,347",119,114,"2,735.1",
42100,"Santa Cruz-Watsonville, CA",Metropolitan Statistical Area,"262,382","255,602",175,163,445.2,
42140,"Santa Fe, NM",Metropolitan Statistical Area,"144,170","129,292",271,275,"1,909.4",
42220,"Santa Rosa-Petaluma, CA",Metropolitan Statistical Area,"483,878","458,614",104,98,"1,575.8",
42340,"Savannah, GA",Metropolitan Statistical Area,"347,611","293,000",145,150,"1,340.1",
42540,"Scranton--Wilkes-Barre, PA",Metropolitan Statistical Area,"563,631","560,625",91,83,"1,746.7",
42660,"Seattle-Tacoma-Bellevue, WA",Metropolitan Statistical Area,"3,439,809","3,043,878",15,15,"5,872.3",
42680,"Sebastian-Vero Beach, FL",Metropolitan Statistical Area,"138,028","112,947",282,302,502.9,
43100,"Sheboygan, WI",Metropolitan Statistical Area,"115,507","112,646",320,304,511.3,
43300,"Sherman-Denison, TX",Metropolitan Statistical Area,"120,877","110,595",313,309,932.8,
43340,"Shreveport-Bossier City, LA",Metropolitan Statistical Area,"398,604","375,965",130,122,"2,594.2",
43580,"Sioux City, IA-NE-SD",Metropolitan Statistical Area,"143,577","143,053",273,255,"2,073.9",
43620,"Sioux Falls, SD",Metropolitan Statistical Area,"228,261","187,093",193,203,"2,575.7",
43780,"South Bend-Mishawaka, IN-MI",Metropolitan Statistical Area,"319,224","316,663",150,145,947.9,
43900,"Spartanburg, SC",Metropolitan Statistical Area,"284,307","253,791",163,164,807.9,
44060,"Spokane, WA",Metropolitan Statistical Area,"471,221","417,939",107,107,"1,763.8",
44100,"Springfield, IL",Metropolitan Statistical Area,"210,170","201,437",201,192,"1,182.7",
44140,"Springfield, MA",Metropolitan Statistical Area,"692,942","680,014",76,68,"1,843.7",
44180,"Springfield, MO",Metropolitan Statistical Area,"436,712","368,374",112,125,"3,006.8",
44220,"Springfield, OH",Metropolitan Statistical Area,"138,333","144,742",280,254,397.5,
44300,"State College, PA",Metropolitan Statistical Area,"153,990","135,758",255,266,"1,109.9",
44600,"Steubenville-Weirton, OH-WV",Metropolitan Statistical Area,"124,454","132,008",309,269,580.1,
44700,"Stockton, CA",Metropolitan Statistical Area,"685,306","563,598",77,82,"1,391.3",
44940,"Sumter, SC",Metropolitan Statistical Area,"107,456","104,646",335,324,665.1,
45060,"Syracuse, NY",Metropolitan Statistical Area,"662,577","650,154",80,72,"2,384.9",
45220,"Tallahassee, FL",Metropolitan Statistical Area,"367,413","320,304",137,141,"2,387.7",
45300,"Tampa-St. Petersburg-Clearwater, FL",Metropolitan Statistical Area,"2,783,243","2,395,997",19,21,"2,513.4",
45460,"Terre Haute, IN",Metropolitan Statistical Area,"172,425","170,943",233,216,"1,464.9",
45500,"Texarkana, TX-Texarkana, AR",Metropolitan Statistical Area,"136,027","129,749",288,273,"1,510.6",
45780,"Toledo, OH",Metropolitan Statistical Area,"651,429","659,188",81,71,"1,618.4",
45820,"Topeka, KS",Metropolitan Statistical Area,"233,870","224,551",189,180,"3,232.6",
45940,"Trenton-Ewing, NJ",Metropolitan Statistical Area,"366,513","350,761",138,128,224.6,
46060,"Tucson, AZ",Metropolitan Statistical Area,"980,263","843,746",52,55,"9,187.0",
46140,"Tulsa, OK",Metropolitan Statistical Area,"937,478","859,532",54,53,"6,269.2",
46220,"Tuscaloosa, AL",Metropolitan Statistical Area,"219,461","192,034",196,200,"2,612.8",
46340,"Tyler, TX",Metropolitan Statistical Area,"209,714","174,706",202,212,921.5,
46540,"Utica-Rome, NY",Metropolitan Statistical Area,"299,397","299,896",157,148,"2,623.9",
46660,"Valdosta, GA",Metropolitan Statistical Area,"139,588","119,560",278,291,"1,589.3",
46700,"Vallejo-Fairfield, CA",Metropolitan Statistical Area,"413,344","394,542",123,115,821.8,
47020,"Victoria, TX",Metropolitan Statistical Area,"115,384","111,663",322,306,"2,241.0",
47220,"Vineland-Millville-Bridgeton, NJ",Metropolitan Statistical Area,"156,898","146,438",253,248,483.7,
47260,"Virginia Beach-Norfolk-Newport News, VA-NC",Metropolitan Statistical Area,"1,671,683","1,576,370",36,33,"2,629.6",
47300,"Visalia-Porterville, CA",Metropolitan Statistical Area,"442,179","368,021",111,126,"4,824.2",
47380,"Waco, TX",Metropolitan Statistical Area,"234,906","213,517",188,185,"1,037.1",
47580,"Warner Robins, GA",Metropolitan Statistical Area,"139,900","110,765",277,308,375.5,
47900,"Washington-Arlington-Alexandria, DC-VA-MD-WV",Metropolitan Statistical Area,"5,582,170","4,796,183",7,7,"5,598.3",
47940,"Waterloo-Cedar Falls, IA",Metropolitan Statistical Area,"167,819","163,706",237,226,"1,503.1",
48140,"Wausau, WI",Metropolitan Statistical Area,"134,063","125,834",290,280,"1,545.0",
48300,"Wenatchee-East Wenatchee, WA",Metropolitan Statistical Area,"110,884","99,219",328,338,"4,739.8",
48540,"Wheeling, WV-OH",Metropolitan Statistical Area,"147,950","153,172",267,237,943.4,
48620,"Wichita, KS",Metropolitan Statistical Area,"623,061","571,166",84,80,"4,149.1",
48660,"Wichita Falls, TX",Metropolitan Statistical Area,"151,306","151,524",263,241,"2,619.6",
48700,"Williamsport, PA",Metropolitan Statistical Area,"116,111","120,044",318,289,"1,228.6",
48900,"Wilmington, NC",Metropolitan Statistical Area,"362,315","274,532",141,157,"1,908.3",
49020,"Winchester, VA-WV",Metropolitan Statistical Area,"128,472","102,997",299,330,"1,063.0",
49180,"Winston-Salem, NC",Metropolitan Statistical Area,"477,717","421,961",105,106,"1,455.9",
49340,"Worcester, MA",Metropolitan Statistical Area,"798,552","750,963",67,62,"1,510.8",
49420,"Yakima, WA",Metropolitan Statistical Area,"243,231","222,581",187,182,"4,295.4",
49620,"York-Hanover, PA",Metropolitan Statistical Area,"434,972","381,751",113,118,904.2,
49660,"Youngstown-Warren-Boardman, OH-PA",Metropolitan Statistical Area,"565,773","602,964",90,78,"1,702.5",
49700,"Yuba City, CA",Metropolitan Statistical Area,"166,892","139,149",239,263,"1,234.2",
49740,"Yuma, AZ",Metropolitan Statistical Area,"195,751","160,026",216,231,"5,514.0",In micropolitan statistical area,,"30,943,552","29,220,400",,,"736,936.3",
10020,"Abbeville, LA",Micropolitan Statistical Area,"57,999","53,807",191,196,"1,173.2",
10100,"Aberdeen, SD",Micropolitan Statistical Area,"40,602","39,827",336,322,"2,838.9",
10140,"Aberdeen, WA",Micropolitan Statistical Area,"72,797","67,194",114,118,"1,902.0",
10220,"Ada, OK",Micropolitan Statistical Area,"37,492","35,143",376,389,720.4,
10300,"Adrian, MI",Micropolitan Statistical Area,"99,892","98,890",47,38,749.6,
10460,"Alamogordo, NM",Micropolitan Statistical Area,"63,797","62,298",156,144,"6,613.2",
10540,"Albany-Lebanon, OR",Micropolitan Statistical Area,"116,672","103,069",28,34,"2,290.1",
10620,"Albemarle, NC",Micropolitan Statistical Area,"60,585","58,100",173,167,395.1,
10660,"Albert Lea, MN",Micropolitan Statistical Area,"31,255","32,584",458,429,707.1,
10700,"Albertville, AL",Micropolitan Statistical Area,"93,019","82,231",57,72,565.8,
10760,"Alexander City, AL",Micropolitan Statistical Area,"53,155","53,677",218,197,"1,367.4",
10820,"Alexandria, MN",Micropolitan Statistical Area,"36,009","32,821",403,428,637.3,
10860,"Alice, TX",Micropolitan Statistical Area,"40,838","39,326",332,330,865.0,
10880,"Allegan, MI",Micropolitan Statistical Area,"111,408","105,665",33,33,825.2,
10940,"Alma, MI",Micropolitan Statistical Area,"42,476","42,285",314,289,568.5,
10980,"Alpena, MI",Micropolitan Statistical Area,"29,598","31,314",465,446,571.9,
11060,"Altus, OK",Micropolitan Statistical Area,"26,446","28,439",495,473,802.7,
11140,"Americus, GA",Micropolitan Statistical Area,"37,829","36,966",371,367,649.6,
11220,"Amsterdam, NY",Micropolitan Statistical Area,"50,219","49,708",243,222,403.0,
11380,"Andrews, TX",Micropolitan Statistical Area,"14,786","13,004",569,576,"1,500.7",
11420,"Angola, IN",Micropolitan Statistical Area,"34,185","33,214",422,421,308.9,
11580,"Arcadia, FL",Micropolitan Statistical Area,"34,862","32,209",416,435,637.1,
11620,"Ardmore, OK",Micropolitan Statistical Area,"56,980","54,452",194,192,"1,336.2",
11660,"Arkadelphia, AR",Micropolitan Statistical Area,"22,995","23,546",525,520,866.1,
11740,"Ashland, OH",Micropolitan Statistical Area,"53,139","52,523",219,208,422.9,
11780,"Ashtabula, OH",Micropolitan Statistical Area,"101,497","102,728",42,35,701.9,
11820,"Astoria, OR",Micropolitan Statistical Area,"37,039","35,630",385,387,829.0,
11860,"Atchison, KS",Micropolitan Statistical Area,"16,924","16,774",563,563,431.2,
11900,"Athens, OH",Micropolitan Statistical Area,"64,757","62,223",149,145,503.6,
11940,"Athens, TN",Micropolitan Statistical Area,"52,266","49,015",227,230,430.1,
11980,"Athens, TX",Micropolitan Statistical Area,"78,532","73,277",93,100,873.7,
12140,"Auburn, IN",Micropolitan Statistical Area,"42,223","40,285",318,315,362.8,
12180,"Auburn, NY",Micropolitan Statistical Area,"80,026","81,963",90,73,691.6,
12300,"Augusta-Waterville, ME",Micropolitan Statistical Area,"122,151","117,114",24,23,867.5,
12380,"Austin, MN",Micropolitan Statistical Area,"39,163","38,603",352,338,711.3,
12460,"Bainbridge, GA",Micropolitan Statistical Area,"27,842","28,240",486,475,597.1,
12660,"Baraboo, WI",Micropolitan Statistical Area,"61,976","55,225",164,184,830.9,
12740,"Barre, VT",Micropolitan Statistical Area,"59,534","58,039",182,168,687.2,
12780,"Bartlesville, OK",Micropolitan Statistical Area,"50,976","48,996",237,231,415.5,
12820,"Bastrop, LA",Micropolitan Statistical Area,"27,979","31,021",485,450,794.9,
12860,"Batavia, NY",Micropolitan Statistical Area,"60,079","60,370",178,155,492.9,
12900,"Batesville, AR",Micropolitan Statistical Area,"36,647","34,233",394,403,764.0,
13060,"Bay City, TX",Micropolitan Statistical Area,"36,702","37,957",391,352,"1,100.3",
13100,"Beatrice, NE",Micropolitan Statistical Area,"22,311","22,993",536,524,851.5,
13180,"Beaver Dam, WI",Micropolitan Statistical Area,"88,759","85,897",68,62,875.6,
13220,"Beckley, WV",Micropolitan Statistical Area,"78,859","79,220",92,81,605.4,
13260,"Bedford, IN",Micropolitan Statistical Area,"46,134","45,922",279,261,449.2,
13300,"Beeville, TX",Micropolitan Statistical Area,"31,861","32,359",448,434,880.2,
13340,"Bellefontaine, OH",Micropolitan Statistical Area,"45,858","46,005",284,259,458.4,
13420,"Bemidji, MN",Micropolitan Statistical Area,"44,442","39,650",298,325,"2,504.9",
13500,"Bennettsville, SC",Micropolitan Statistical Area,"28,933","28,818",473,472,479.7,
13540,"Bennington, VT",Micropolitan Statistical Area,"37,125","36,994",379,366,675.0,
13620,"Berlin, NH-VT",Micropolitan Statistical Area,"39,361","39,570",349,327,"2,458.3",
13660,"Big Rapids, MI",Micropolitan Statistical Area,"42,798","40,553",311,310,555.1,
13700,"Big Spring, TX",Micropolitan Statistical Area,"35,012","33,627",413,414,900.8,
13860,"Bishop, CA",Micropolitan Statistical Area,"18,546","17,945",560,560,"10,180.9",
13940,"Blackfoot, ID",Micropolitan Statistical Area,"45,607","41,735",287,294,"2,094.0",
14100,"Bloomsburg-Berwick, PA",Micropolitan Statistical Area,"85,562","82,387",74,70,613.4,
14140,"Bluefield, WV-VA",Micropolitan Statistical Area,"107,342","107,578",38,31,937.8,
14180,"Blytheville, AR",Micropolitan Statistical Area,"46,480","51,979",276,211,900.6,
14220,"Bogalusa, LA",Micropolitan Statistical Area,"47,168","43,926",266,277,669.5,
14300,"Bonham, TX",Micropolitan Statistical Area,"33,915","31,242",425,447,890.8,
14340,"Boone, IA",Micropolitan Statistical Area,"26,306","26,224",498,495,571.6,
14380,"Boone, NC",Micropolitan Statistical Area,"51,079","42,695",236,286,312.6,
14420,"Borger, TX",Micropolitan Statistical Area,"22,150","23,857",537,514,887.4,
14580,"Bozeman, MT",Micropolitan Statistical Area,"89,513","67,831",64,116,"2,602.7",
14620,"Bradford, PA",Micropolitan Statistical Area,"43,450","45,936",306,260,979.2,
14660,"Brainerd, MN",Micropolitan Statistical Area,"91,067","82,249",61,71,"3,020.6",
14700,"Branson, MO",Micropolitan Statistical Area,"83,877","68,361",77,113,"1,096.5",
14780,"Brenham, TX",Micropolitan Statistical Area,"33,718","30,373",427,457,604.0,
14820,"Brevard, NC",Micropolitan Statistical Area,"33,090","29,334",432,468,378.5,
14940,"Brigham City, UT",Micropolitan Statistical Area,"49,975","42,745",244,284,"5,745.6",
15020,"Brookhaven, MS",Micropolitan Statistical Area,"34,869","33,166",415,423,586.1,
15060,"Brookings, OR",Micropolitan Statistical Area,"22,364","21,137",534,539,"1,627.5",
15100,"Brookings, SD",Micropolitan Statistical Area,"31,965","28,220",445,476,792.2,
15140,"Brownsville, TN",Micropolitan Statistical Area,"18,787","19,797",559,550,533.1,
15220,"Brownwood, TX",Micropolitan Statistical Area,"38,106","37,674",367,356,944.4,
15340,"Bucyrus, OH",Micropolitan Statistical Area,"43,784","46,966",304,247,401.8,
15420,"Burley, ID",Micropolitan Statistical Area,"43,021","41,590",308,297,"3,322.7",
15460,"Burlington, IA-IL",Micropolitan Statistical Area,"47,656","50,564",260,219,795.0,
15580,"Butte-Silver Bow, MT",Micropolitan Statistical Area,"34,200","34,606",421,395,718.5,
15620,"Cadillac, MI",Micropolitan Statistical Area,"47,584","44,962",261,270,"1,129.7",
15660,"Calhoun, GA",Micropolitan Statistical Area,"55,186","44,104",202,274,355.8,
15700,"Cambridge, MD",Micropolitan Statistical Area,"32,618","30,674",436,455,540.8,
15740,"Cambridge, OH",Micropolitan Statistical Area,"40,087","40,792",342,307,522.3,
15780,"Camden, AR",Micropolitan Statistical Area,"31,488","34,534",454,397,"1,361.4",
15820,"Campbellsville, KY",Micropolitan Statistical Area,"24,512","22,927",515,526,266.3,
15860,"Cañon City, CO",Micropolitan Statistical Area,"46,824","46,145",271,258,"1,533.1",
15900,"Canton, IL",Micropolitan Statistical Area,"37,069","38,250",382,347,865.6,
16060,"Carbondale, IL",Micropolitan Statistical Area,"60,218","59,612",175,158,584.1,
16100,"Carlsbad-Artesia, NM",Micropolitan Statistical Area,"53,829","51,658",212,213,"4,175.7",
16260,"Cedar City, UT",Micropolitan Statistical Area,"46,163","33,779",278,410,"3,296.7",
16340,"Cedartown, GA",Micropolitan Statistical Area,"41,475","38,127",326,350,310.3,
16380,"Celina, OH",Micropolitan Statistical Area,"40,814","40,924",333,305,462.4,
16420,"Central City, KY",Micropolitan Statistical Area,"31,499","31,839",453,440,467.1,
16460,"Centralia, IL",Micropolitan Statistical Area,"39,437","41,691",348,295,572.4,
16500,"Centralia, WA",Micropolitan Statistical Area,"75,455","68,600",105,112,"2,402.8",
16540,"Chambersburg, PA",Micropolitan Statistical Area,"149,618","129,313",12,15,772.2,
16660,"Charleston-Mattoon, IL",Micropolitan Statistical Area,"64,921","64,449",148,132,854.3,
16900,"Chester, SC",Micropolitan Statistical Area,"33,140","34,068",430,406,580.7,
17060,"Chillicothe, OH",Micropolitan Statistical Area,"78,064","73,345",96,99,689.2,
17200,"Claremont, NH",Micropolitan Statistical Area,"43,742","40,458",305,313,537.3,
17220,"Clarksburg, WV",Micropolitan Statistical Area,"94,196","92,144",55,49,908.5,
17260,"Clarksdale, MS",Micropolitan Statistical Area,"26,151","30,622",500,456,552.4,
17340,"Clearlake, CA",Micropolitan Statistical Area,"64,665","58,309",151,166,"1,256.5",
17380,"Cleveland, MS",Micropolitan Statistical Area,"34,145","40,633",423,309,876.6,
17500,"Clewiston, FL",Micropolitan Statistical Area,"39,140","36,210",353,375,"1,152.8",
17540,"Clinton, IA",Micropolitan Statistical Area,"49,116","50,149",251,220,694.9,
17580,"Clovis, NM",Micropolitan Statistical Area,"48,376","45,044",254,268,"1,404.8",
17700,"Coffeyville, KS",Micropolitan Statistical Area,"35,471","36,252",409,374,643.5,
17740,"Coldwater, MI",Micropolitan Statistical Area,"45,248","45,787",290,262,506.4,
17940,"Columbia, TN",Micropolitan Statistical Area,"80,956","69,498",87,109,613.1,
18060,"Columbus, MS",Micropolitan Statistical Area,"59,779","61,586",179,150,505.5,
18100,"Columbus, NE",Micropolitan Statistical Area,"32,237","31,662",443,442,674.1,
18180,"Concord, NH",Micropolitan Statistical Area,"146,445","136,225",14,12,934.1,
18220,"Connersville, IN",Micropolitan Statistical Area,"24,277","25,588",516,501,215.0,
18260,"Cookeville, TN",Micropolitan Statistical Area,"106,042","93,417",39,46,"1,142.9",
18300,"Coos Bay, OR",Micropolitan Statistical Area,"63,043","62,779",160,141,"1,596.2",
18340,"Corbin, KY",Micropolitan Statistical Area,"35,637","35,865",406,385,437.8,
18380,"Cordele, GA",Micropolitan Statistical Area,"23,439","21,996",521,531,272.6,
18420,"Corinth, MS",Micropolitan Statistical Area,"37,057","34,558",384,396,400.0,
18460,"Cornelia, GA",Micropolitan Statistical Area,"43,041","35,902",307,384,276.7,
18500,"Corning, NY",Micropolitan Statistical Area,"98,990","98,726",49,40,"1,390.6",
18620,"Corsicana, TX",Micropolitan Statistical Area,"47,735","45,124",257,267,"1,009.6",
18660,"Cortland, NY",Micropolitan Statistical Area,"49,336","48,599",250,236,498.8,
18740,"Coshocton, OH",Micropolitan Statistical Area,"36,901","36,655",387,368,563.9,
18820,"Crawfordsville, IN",Micropolitan Statistical Area,"38,124","37,629",366,357,504.6,
18860,"Crescent City, CA",Micropolitan Statistical Area,"28,610","27,507",477,482,"1,006.4",
18900,"Crossville, TN",Micropolitan Statistical Area,"56,053","46,802",197,249,681.0,
18940,"Crowley, LA",Micropolitan Statistical Area,"61,773","58,861",165,162,655.1,
18980,"Cullman, AL",Micropolitan Statistical Area,"80,406","77,483",88,84,734.8,
19020,"Culpeper, VA",Micropolitan Statistical Area,"46,689","34,262",272,402,379.2,
19220,"Danville, KY",Micropolitan Statistical Area,"53,174","51,058",217,217,514.3,
19300,"Daphne-Fairhope-Foley, AL",Micropolitan Statistical Area,"182,265","140,415",5,9,"1,589.8",
19540,"Decatur, IN",Micropolitan Statistical Area,"34,387","33,625",418,415,339.0,
19580,"Defiance, OH",Micropolitan Statistical Area,"39,037","39,500",355,328,411.5,
19620,"Del Rio, TX",Micropolitan Statistical Area,"48,879","44,856",252,272,"3,144.7",
19700,"Deming, NM",Micropolitan Statistical Area,"25,095","25,016",509,507,"2,965.2",
19760,"DeRidder, LA",Micropolitan Statistical Area,"35,654","32,986",405,426,"1,157.3",
19860,"Dickinson, ND",Micropolitan Statistical Area,"24,982","23,524",510,521,"2,483.6",
19900,"Dillon, SC",Micropolitan Statistical Area,"32,062","30,722",444,453,404.9,
19940,"Dixon, IL",Micropolitan Statistical Area,"36,031","36,062",402,379,724.9,
19980,"Dodge City, KS",Micropolitan Statistical Area,"33,848","32,458",426,433,"1,098.3",
20060,"Douglas, GA",Micropolitan Statistical Area,"50,731","45,022",241,269,914.5,
20140,"Dublin, GA",Micropolitan Statistical Area,"58,414","53,434",189,200,"1,110.3",
20180,"DuBois, PA",Micropolitan Statistical Area,"81,642","83,382",84,65,"1,144.7",
20300,"Dumas, TX",Micropolitan Statistical Area,"21,904","20,121",541,546,899.7,
20340,"Duncan, OK",Micropolitan Statistical Area,"45,048","43,182",294,281,870.2,
20380,"Dunn, NC",Micropolitan Statistical Area,"114,678","91,025",30,53,595.0,
20420,"Durango, CO",Micropolitan Statistical Area,"51,334","43,941",233,276,"1,692.1",
20460,"Durant, OK",Micropolitan Statistical Area,"42,416","36,534",315,371,904.5,
20540,"Dyersburg, TN",Micropolitan Statistical Area,"38,335","37,279",365,362,512.3,
20580,"Eagle Pass, TX",Micropolitan Statistical Area,"54,258","47,297",208,246,"1,279.3",
20620,"East Liverpool-Salem, OH",Micropolitan Statistical Area,"107,841","112,075",34,25,531.9,
20660,"Easton, MD",Micropolitan Statistical Area,"37,782","33,812",372,409,268.5,
20700,"East Stroudsburg, PA",Micropolitan Statistical Area,"169,842","138,687",7,11,608.3,
20780,"Edwards, CO",Micropolitan Statistical Area,"59,507","49,471",183,226,"2,061.4",
20820,"Effingham, IL",Micropolitan Statistical Area,"34,242","34,264",419,401,478.8,
20900,"El Campo, TX",Micropolitan Statistical Area,"41,280","41,188",327,302,"1,086.1",
20980,"El Dorado, AR",Micropolitan Statistical Area,"41,639","45,629",324,263,"1,039.2",
21020,"Elizabeth City, NC",Micropolitan Statistical Area,"64,094","53,150",155,203,714.5,
21120,"Elk City, OK",Micropolitan Statistical Area,"22,119","19,799",539,549,901.8,
21220,"Elko, NV",Micropolitan Statistical Area,"50,805","46,942",239,248,"21,345.5",
21260,"Ellensburg, WA",Micropolitan Statistical Area,"40,915","33,362",330,419,"2,297.3",
21380,"Emporia, KS",Micropolitan Statistical Area,"36,480","38,965",396,335,"1,620.5",
21420,"Enid, OK",Micropolitan Statistical Area,"60,580","57,813",174,170,"1,058.5",
21460,"Enterprise-Ozark, AL",Micropolitan Statistical Area,"100,199","92,744",45,48,"1,240.1",
21540,"Escanaba, MI",Micropolitan Statistical Area,"37,069","38,520",382,340,"1,171.1",
21580,"Espanola, NM",Micropolitan Statistical Area,"40,246","41,190",338,301,"5,860.8",
21640,"Eufaula, AL-GA",Micropolitan Statistical Area,"29,970","31,636",464,443,"1,036.1",
21700,"Eureka-Arcata-Fortuna, CA",Micropolitan Statistical Area,"134,623","126,518",20,17,"3,568.0",
21740,"Evanston, WY",Micropolitan Statistical Area,"21,118","19,742",547,552,"2,081.3",
21860,"Fairmont, MN",Micropolitan Statistical Area,"20,840","21,802",550,536,712.3,
21900,"Fairmont, WV",Micropolitan Statistical Area,"56,418","56,598",196,175,308.7,
21980,"Fallon, NV",Micropolitan Statistical Area,"24,877","23,982",512,513,"4,930.5",
22060,"Faribault-Northfield, MN",Micropolitan Statistical Area,"64,142","56,665",154,174,495.7,
22100,"Farmington, MO",Micropolitan Statistical Area,"65,359","55,641",147,182,451.9,
22260,"Fergus Falls, MN",Micropolitan Statistical Area,"57,303","57,159",193,172,"1,972.1",
22280,"Fernley, NV",Micropolitan Statistical Area,"51,980","34,501",228,398,"2,001.2",
22300,"Findlay, OH",Micropolitan Statistical Area,"74,782","71,295",107,104,531.4,
22340,"Fitzgerald, GA",Micropolitan Statistical Area,"27,172","27,415",492,484,604.5,
22580,"Forest City, NC",Micropolitan Statistical Area,"67,810","62,899",135,140,564.2,
22620,"Forrest City, AR",Micropolitan Statistical Area,"28,258","29,329",480,469,634.8,
22700,"Fort Dodge, IA",Micropolitan Statistical Area,"38,013","40,235",368,316,715.6,
22780,"Fort Leonard Wood, MO",Micropolitan Statistical Area,"52,274","41,165",225,303,547.1,
22800,"Fort Madison-Keokuk, IA-MO",Micropolitan Statistical Area,"43,001","45,468",309,265,"1,022.2",
22820,"Fort Morgan, CO",Micropolitan Statistical Area,"28,159","27,171",481,485,"1,280.4",
22840,"Fort Payne, AL",Micropolitan Statistical Area,"71,109","64,452",118,131,777.1,
22860,"Fort Polk South, LA",Micropolitan Statistical Area,"52,334","52,531",224,207,"1,327.9",
22980,"Fort Valley, GA",Micropolitan Statistical Area,"27,695","23,668",488,517,150.3,
23140,"Frankfort, IN",Micropolitan Statistical Area,"33,224","33,866",429,407,405.1,
23180,"Frankfort, KY",Micropolitan Statistical Area,"70,706","66,798",120,121,409.6,
23240,"Fredericksburg, TX",Micropolitan Statistical Area,"24,837","20,814",513,541,"1,058.2",
23300,"Freeport, IL",Micropolitan Statistical Area,"47,711","48,979",258,232,564.5,
23340,"Fremont, NE",Micropolitan Statistical Area,"36,691","36,160",392,376,528.7,
23380,"Fremont, OH",Micropolitan Statistical Area,"60,944","61,792",170,147,408.5,
23500,"Gaffney, SC",Micropolitan Statistical Area,"55,342","52,537",201,206,392.7,
23620,"Gainesville, TX",Micropolitan Statistical Area,"38,437","36,363",364,372,874.8,
23660,"Galesburg, IL",Micropolitan Statistical Area,"70,626","74,571",122,91,"1,258.8",
23700,"Gallup, NM",Micropolitan Statistical Area,"71,492","74,798",116,88,"5,449.8",
23780,"Garden City, KS",Micropolitan Statistical Area,"36,776","40,523",390,312,"1,302.0",
23820,"Gardnerville Ranchos, NV",Micropolitan Statistical Area,"46,997","41,259",268,299,709.7,
23860,"Georgetown, SC",Micropolitan Statistical Area,"60,158","55,797",176,181,813.5,
23900,"Gettysburg, PA",Micropolitan Statistical Area,"101,407","91,292",43,52,518.7,
23940,"Gillette, WY",Micropolitan Statistical Area,"46,133","33,698",280,411,"4,802.7",
23980,"Glasgow, KY",Micropolitan Statistical Area,"52,272","48,070",226,242,777.2,
24100,"Gloversville, NY",Micropolitan Statistical Area,"55,531","55,073",199,187,495.5,
24180,"Granbury, TX",Micropolitan Statistical Area,"59,672","47,909",180,244,607.1,
24260,"Grand Island, NE",Micropolitan Statistical Area,"72,726","68,305",115,114,"1,600.5",
24380,"Grants, NM",Micropolitan Statistical Area,"27,213","25,595",491,500,"4,539.5",
24420,"Grants Pass, OR",Micropolitan Statistical Area,"82,713","75,726",81,85,"1,639.7",
24460,"Great Bend, KS",Micropolitan Statistical Area,"27,674","28,205",489,477,895.4,
24620,"Greeneville, TN",Micropolitan Statistical Area,"68,831","62,909",132,139,622.2,
24700,"Greensburg, IN",Micropolitan Statistical Area,"25,740","24,555",505,509,372.6,
24740,"Greenville, MS",Micropolitan Statistical Area,"51,137","62,977",235,138,724.7,
24820,"Greenville, OH",Micropolitan Statistical Area,"52,959","53,309",221,202,598.1,
24900,"Greenwood, MS",Micropolitan Statistical Area,"42,914","48,716",310,233,"1,220.8",
24940,"Greenwood, SC",Micropolitan Statistical Area,"69,661","66,271",127,122,454.7,
24980,"Grenada, MS",Micropolitan Statistical Area,"21,906","23,263",540,523,422.1,
25100,"Guymon, OK",Micropolitan Statistical Area,"20,640","20,107",551,547,"2,041.3",
25220,"Hammond, LA",Micropolitan Statistical Area,"121,097","100,588",25,36,791.3,
25300,"Hannibal, MO",Micropolitan Statistical Area,"38,948","37,915",358,353,906.7,
25340,"Harriman, TN",Micropolitan Statistical Area,"54,181","51,910",209,212,360.7,
25380,"Harrisburg, IL",Micropolitan Statistical Area,"24,913","26,733",511,490,379.8,
25460,"Harrison, AR",Micropolitan Statistical Area,"45,233","42,556",291,287,"1,411.1",
25580,"Hastings, NE",Micropolitan Statistical Area,"37,906","38,190",369,349,"1,135.6",
25660,"Havre, MT",Micropolitan Statistical Area,"16,096","16,673",567,564,"2,899.0",
25700,"Hays, KS",Micropolitan Statistical Area,"28,452","27,507",479,482,899.9,
25720,"Heber, UT",Micropolitan Statistical Area,"23,530","15,215",519,568,"1,175.5",
25740,"Helena, MT",Micropolitan Statistical Area,"74,801","65,765",106,125,"5,115.1",
25760,"Helena-West Helena, AR",Micropolitan Statistical Area,"21,757","26,445",542,494,695.7,
25780,"Henderson, NC",Micropolitan Statistical Area,"45,422","42,954",289,282,253.5,
25820,"Hereford, TX",Micropolitan Statistical Area,"19,372","18,561",558,556,"1,496.9",
25900,"Hilo, HI",Micropolitan Statistical Area,"185,079","148,677",4,6,"4,028.4",
25940,"Hilton Head Island-Beaufort, SC",Micropolitan Statistical Area,"187,010","141,615",3,8,"1,231.6",
26020,"Hobbs, NM",Micropolitan Statistical Area,"64,727","55,511",150,183,"4,390.9",
26140,"Homosassa Springs, FL",Micropolitan Statistical Area,"141,236","118,085",16,21,581.7,
26220,"Hood River, OR",Micropolitan Statistical Area,"22,346","20,411",535,544,521.9,
26260,"Hope, AR",Micropolitan Statistical Area,"31,606","33,542",451,417,"1,345.4",
26340,"Houghton, MI",Micropolitan Statistical Area,"38,784","38,317",360,344,"1,549.2",
26460,"Hudson, NY",Micropolitan Statistical Area,"63,096","63,094",158,137,634.7,
26480,"Humboldt, TN",Micropolitan Statistical Area,"49,683","48,152",246,240,602.7,
26500,"Huntingdon, PA",Micropolitan Statistical Area,"45,913","45,586",283,264,874.6,
26540,"Huntington, IN",Micropolitan Statistical Area,"37,124","38,075",380,351,382.7,
26660,"Huntsville, TX",Micropolitan Statistical Area,"67,861","61,758",134,148,784.2,
26700,"Huron, SD",Micropolitan Statistical Area,"17,398","17,023",562,562,"1,258.7",
26740,"Hutchinson, KS",Micropolitan Statistical Area,"64,511","64,790",153,128,"1,255.3",
26780,"Hutchinson, MN",Micropolitan Statistical Area,"36,651","34,898",393,393,491.5,
26860,"Indiana, PA",Micropolitan Statistical Area,"88,880","89,605",66,56,827.0,
26940,"Indianola, MS",Micropolitan Statistical Area,"29,450","34,369",467,399,697.8,
27020,"Iron Mountain, MI-WI",Micropolitan Statistical Area,"30,591","32,560",460,430,"1,249.6",
27220,"Jackson, WY-ID",Micropolitan Statistical Area,"31,464","24,250",455,511,"4,444.8",
27300,"Jacksonville, IL",Micropolitan Statistical Area,"40,902","42,153",331,290,819.7,
27380,"Jacksonville, TX",Micropolitan Statistical Area,"50,845","46,659",238,250,"1,052.9",
27420,"Jamestown, ND",Micropolitan Statistical Area,"21,100","21,908",548,534,"2,221.7",
27460,"Jamestown-Dunkirk-Fredonia, NY",Micropolitan Statistical Area,"134,905","139,750",19,10,"1,060.2",
27540,"Jasper, IN",Micropolitan Statistical Area,"54,734","52,511",206,209,761.5,
27660,"Jennings, LA",Micropolitan Statistical Area,"31,594","31,435",452,445,651.3,
27700,"Jesup, GA",Micropolitan Statistical Area,"30,099","26,565",462,491,641.8,
27940,"Juneau, AK",Micropolitan Statistical Area,"31,275","30,711",457,454,"2,701.9",
27980,"Kahului-Wailuku, HI",Micropolitan Statistical Area,"154,834","128,094",11,16,"1,161.5",
28060,"Kalispell, MT",Micropolitan Statistical Area,"90,928","74,471",62,92,"5,087.7",
28180,"Kapaa, HI",Micropolitan Statistical Area,"67,091","58,463",137,165,620.0,
28260,"Kearney, NE",Micropolitan Statistical Area,"52,591","49,141",223,228,"1,484.4",
28300,"Keene, NH",Micropolitan Statistical Area,"77,117","73,825",101,95,706.7,
28340,"Kendallville, IN",Micropolitan Statistical Area,"47,536","46,275",262,257,410.8,
28380,"Kennett, MO",Micropolitan Statistical Area,"31,953","33,155",446,424,541.1,
28500,"Kerrville, TX",Micropolitan Statistical Area,"49,625","43,653",247,280,"1,103.3",
28540,"Ketchikan, AK",Micropolitan Statistical Area,"13,477","14,070",575,571,"4,858.4",
28580,"Key West, FL",Micropolitan Statistical Area,"73,090","79,589",113,79,983.3,
28620,"Kill Devil Hills, NC",Micropolitan Statistical Area,"33,920","29,967",424,461,383.4,
28780,"Kingsville, TX",Micropolitan Statistical Area,"32,477","31,963",439,438,"2,339.6",
28820,"Kinston, NC",Micropolitan Statistical Area,"59,495","59,648",184,157,400.6,
28860,"Kirksville, MO",Micropolitan Statistical Area,"30,038","29,147",463,470,874.6,
28900,"Klamath Falls, OR",Micropolitan Statistical Area,"66,380","63,775",142,134,"5,941.1",
28980,"Kodiak, AK",Micropolitan Statistical Area,"13,592","13,913",573,572,"6,549.6",
29060,"Laconia, NH",Micropolitan Statistical Area,"60,088","56,325",177,177,400.2,
29220,"La Follette, TN",Micropolitan Statistical Area,"40,716","39,854",334,321,480.2,
29260,"La Grande, OR",Micropolitan Statistical Area,"25,748","24,530",504,510,"2,036.6",
29300,"LaGrange, GA",Micropolitan Statistical Area,"67,044","58,779",139,163,414.0,
29380,"Lake City, FL",Micropolitan Statistical Area,"67,531","56,513",136,176,797.6,
29500,"Lamesa, TX",Micropolitan Statistical Area,"13,833","14,985",571,569,900.3,
29580,"Lancaster, SC",Micropolitan Statistical Area,"76,652","61,351",104,152,549.2,
29660,"Laramie, WY",Micropolitan Statistical Area,"36,299","32,014",399,437,"4,273.8",
29780,"Las Vegas, NM",Micropolitan Statistical Area,"29,393","30,126",468,458,"4,715.8",
29860,"Laurel, MS",Micropolitan Statistical Area,"84,823","83,107",75,66,"1,371.0",
29900,"Laurinburg, NC",Micropolitan Statistical Area,"36,157","35,998",401,381,318.8,
29980,"Lawrenceburg, TN",Micropolitan Statistical Area,"41,869","39,926",322,319,617.1,
30060,"Lebanon, MO",Micropolitan Statistical Area,"35,571","32,513",408,431,764.7,
30100,"Lebanon, NH-VT",Micropolitan Statistical Area,"174,724","167,387",6,2,"3,365.1",
30220,"Levelland, TX",Micropolitan Statistical Area,"22,935","22,716",527,528,908.4,
30260,"Lewisburg, PA",Micropolitan Statistical Area,"44,947","41,624",295,296,316.0,
30280,"Lewisburg, TN",Micropolitan Statistical Area,"30,617","26,767",459,489,375.5,
30380,"Lewistown, PA",Micropolitan Statistical Area,"46,682","46,486",273,255,411.0,
30420,"Lexington, NE",Micropolitan Statistical Area,"26,370","26,508",497,493,"1,471.3",
30500,"Lexington Park, MD",Micropolitan Statistical Area,"105,151","86,211",40,61,357.2,
30580,"Liberal, KS",Micropolitan Statistical Area,"22,952","22,510",526,529,639.5,
30660,"Lincoln, IL",Micropolitan Statistical Area,"30,305","31,183",461,448,618.1,
30740,"Lincolnton, NC",Micropolitan Statistical Area,"78,265","63,780",95,133,297.9,
30820,"Lock Haven, PA",Micropolitan Statistical Area,"39,238","37,914",350,354,888.0,
30900,"Logansport, IN",Micropolitan Statistical Area,"38,966","40,930",356,304,412.2,
30940,"London, KY",Micropolitan Statistical Area,"58,849","52,715",185,204,434.0,
31060,"Los Alamos, NM",Micropolitan Statistical Area,"17,950","18,343",561,558,109.2,
31260,"Lufkin, TX",Micropolitan Statistical Area,"86,771","80,130",72,76,797.8,
31300,"Lumberton, NC",Micropolitan Statistical Area,"134,168","123,339",21,19,949.2,
31380,"Macomb, IL",Micropolitan Statistical Area,"32,612","32,913",437,427,589.4,
31500,"Madison, IN",Micropolitan Statistical Area,"32,428","31,705",440,441,360.6,
31580,"Madisonville, KY",Micropolitan Statistical Area,"46,920","46,519",270,254,542.0,
31620,"Magnolia, AR",Micropolitan Statistical Area,"24,552","25,603",514,499,766.1,
31660,"Malone, NY",Micropolitan Statistical Area,"51,599","51,134",230,215,"1,629.1",
31820,"Manitowoc, WI",Micropolitan Statistical Area,"81,442","82,887",85,67,589.1,
31920,"Marble Falls, TX",Micropolitan Statistical Area,"42,750","34,147",313,405,994.3,
31940,"Marinette, WI-MI",Micropolitan Statistical Area,"65,778","68,710",144,111,"2,443.4",
31980,"Marion, IN",Micropolitan Statistical Area,"70,061","73,403",125,97,414.1,
32020,"Marion, OH",Micropolitan Statistical Area,"66,501","66,217",140,123,403.8,
32060,"Marion-Herrin, IL",Micropolitan Statistical Area,"66,357","61,296",143,153,420.1,
32100,"Marquette, MI",Micropolitan Statistical Area,"67,077","64,634",138,129,"1,808.4",
32140,"Marshall, MN",Micropolitan Statistical Area,"25,857","25,425",503,504,714.6,
32180,"Marshall, MO",Micropolitan Statistical Area,"23,370","23,756",523,516,755.5,
32220,"Marshall, TX",Micropolitan Statistical Area,"65,631","62,110",146,146,900.0,
32260,"Marshalltown, IA",Micropolitan Statistical Area,"40,648","39,311",335,331,572.5,
32270,"Marshfield-Wisconsin Rapids, WI",Micropolitan Statistical Area,"74,749","75,555",108,87,793.1,
32280,"Martin, TN",Micropolitan Statistical Area,"35,021","34,895",412,394,580.4,
32300,"Martinsville, VA",Micropolitan Statistical Area,"67,972","73,346",133,98,393.3,
32340,"Maryville, MO",Micropolitan Statistical Area,"23,370","21,912",523,533,877.0,
32380,"Mason City, IA",Micropolitan Statistical Area,"51,749","54,356",229,193,968.4,
32460,"Mayfield, KY",Micropolitan Statistical Area,"37,121","37,028",381,365,551.7,
32500,"Maysville, KY",Micropolitan Statistical Area,"31,360","30,892",456,452,723.0,
32540,"McAlester, OK",Micropolitan Statistical Area,"45,837","43,953",285,275,"1,305.5",
32620,"McComb, MS",Micropolitan Statistical Area,"53,535","52,539",214,205,"1,139.1",
32660,"McMinnville, TN",Micropolitan Statistical Area,"39,839","38,276",344,345,432.7,
32700,"McPherson, KS",Micropolitan Statistical Area,"29,180","29,554",469,467,898.3,
32740,"Meadville, PA",Micropolitan Statistical Area,"88,765","90,366",67,55,"1,012.3",
32860,"Menomonie, WI",Micropolitan Statistical Area,"43,857","39,858",301,320,850.1,
32940,"Meridian, MS",Micropolitan Statistical Area,"107,449","106,569",36,32,"2,161.4",
32980,"Merrill, WI",Micropolitan Statistical Area,"28,743","29,641",475,465,879.0,
33020,"Mexico, MO",Micropolitan Statistical Area,"25,529","25,853",506,498,692.2,
33060,"Miami, OK",Micropolitan Statistical Area,"31,848","33,194",449,422,470.8,
33180,"Middlesborough, KY",Micropolitan Statistical Area,"28,691","30,060",476,459,359.0,
33220,"Midland, MI",Micropolitan Statistical Area,"83,629","82,874",79,68,516.3,
33300,"Milledgeville, GA",Micropolitan Statistical Area,"55,149","54,776",203,188,729.7,
33380,"Minden, LA",Micropolitan Statistical Area,"41,207","41,831",329,293,593.0,
33420,"Mineral Wells, TX",Micropolitan Statistical Area,"28,111","27,026",482,486,951.8,
33500,"Minot, ND",Micropolitan Statistical Area,"69,540","67,392",128,117,"4,764.3",
33580,"Mitchell, SD",Micropolitan Statistical Area,"22,835","21,880",529,535,870.1,
33620,"Moberly, MO",Micropolitan Statistical Area,"25,414","24,663",507,508,482.7,
33820,"Monroe, WI",Micropolitan Statistical Area,"36,842","33,647",388,413,584.0,
33940,"Montrose, CO",Micropolitan Statistical Area,"41,276","33,432",328,418,"2,240.7",
33980,"Morehead City, NC",Micropolitan Statistical Area,"66,469","59,383",141,160,506.3,
34020,"Morgan City, LA",Micropolitan Statistical Area,"54,650","53,500",207,199,555.4,
34140,"Moscow, ID",Micropolitan Statistical Area,"37,244","34,935",377,392,"1,076.0",
34180,"Moses Lake, WA",Micropolitan Statistical Area,"89,120","74,698",65,90,"2,679.5",
34220,"Moultrie, GA",Micropolitan Statistical Area,"45,498","42,053",288,291,544.2,
34260,"Mountain Home, AR",Micropolitan Statistical Area,"41,513","38,386",325,342,554.3,
34300,"Mountain Home, ID",Micropolitan Statistical Area,"27,038","29,130",494,471,"3,074.7",
34340,"Mount Airy, NC",Micropolitan Statistical Area,"73,673","71,219",111,105,532.2,
34380,"Mount Pleasant, MI",Micropolitan Statistical Area,"70,311","63,351",123,136,572.7,
34420,"Mount Pleasant, TX",Micropolitan Statistical Area,"32,334","28,118",441,479,406.1,
34460,"Mount Sterling, KY",Micropolitan Statistical Area,"44,396","40,195",299,318,679.7,
34500,"Mount Vernon, IL",Micropolitan Statistical Area,"47,284","48,666",265,234,"1,005.8",
34540,"Mount Vernon, OH",Micropolitan Statistical Area,"60,921","54,500",171,191,525.5,
34660,"Murray, KY",Micropolitan Statistical Area,"37,191","34,177",378,404,385.0,
34700,"Muscatine, IA",Micropolitan Statistical Area,"54,132","53,905",210,195,839.2,
34780,"Muskogee, OK",Micropolitan Statistical Area,"70,990","69,451",119,110,810.5,
34860,"Nacogdoches, TX",Micropolitan Statistical Area,"64,524","59,203",152,161,946.5,
35020,"Natchez, MS-LA",Micropolitan Statistical Area,"53,119","54,587",220,189,"1,159.3",
35060,"Natchitoches, LA",Micropolitan Statistical Area,"39,566","39,080",347,334,"1,252.2",
35100,"New Bern, NC",Micropolitan Statistical Area,"126,802","114,751",23,24,"1,516.2",
35140,"Newberry, SC",Micropolitan Statistical Area,"37,508","36,108",375,377,630.0,
35220,"New Castle, IN",Micropolitan Statistical Area,"49,462","48,508",248,237,391.9,
35260,"New Castle, PA",Micropolitan Statistical Area,"91,108","94,643",60,43,358.2,
35340,"New Iberia, LA",Micropolitan Statistical Area,"73,240","73,266",112,101,574.1,
35420,"New Philadelphia-Dover, OH",Micropolitan Statistical Area,"92,582","90,914",58,54,567.6,
35460,"Newport, TN",Micropolitan Statistical Area,"35,662","33,565",404,416,434.6,
35500,"Newton, IA",Micropolitan Statistical Area,"36,842","37,213",388,364,730.4,
35580,"New Ulm, MN",Micropolitan Statistical Area,"25,893","26,911",502,488,611.1,
35700,"Nogales, AZ",Micropolitan Statistical Area,"47,420","38,381",263,343,"1,236.9",
35740,"Norfolk, NE",Micropolitan Statistical Area,"48,271","49,538",255,225,"1,573.9",
35820,"North Platte, NE",Micropolitan Statistical Area,"37,590","35,939",374,382,"3,993.7",
35860,"North Vernon, IN",Micropolitan Statistical Area,"28,525","27,554",478,481,376.6,
35900,"North Wilkesboro, NC",Micropolitan Statistical Area,"69,340","65,632",130,126,754.3,
35940,"Norwalk, OH",Micropolitan Statistical Area,"59,626","59,487",181,159,491.5,
36020,"Oak Harbor, WA",Micropolitan Statistical Area,"78,506","71,558",94,103,208.4,
36060,"Oak Hill, WV",Micropolitan Statistical Area,"46,039","47,579",281,245,661.5,
36180,"Ocean Pines, MD",Micropolitan Statistical Area,"51,454","46,543",232,253,468.3,
36300,"Ogdensburg-Massena, NY",Micropolitan Statistical Area,"111,944","111,931",32,26,"2,680.4",
36340,"Oil City, PA",Micropolitan Statistical Area,"54,984","57,565",205,171,674.3,
36380,"Okeechobee, FL",Micropolitan Statistical Area,"39,996","35,910",343,383,768.9,
36460,"Olean, NY",Micropolitan Statistical Area,"80,317","83,955",89,64,"1,308.4",
36580,"Oneonta, NY",Micropolitan Statistical Area,"62,259","61,676",163,149,"1,001.7",
36620,"Ontario, OR-ID",Micropolitan Statistical Area,"53,936","52,193",211,210,"10,294.4",
36660,"Opelousas-Eunice, LA",Micropolitan Statistical Area,"83,384","87,700",80,57,923.9,
36700,"Orangeburg, SC",Micropolitan Statistical Area,"92,501","91,582",59,51,"1,106.1",
36820,"Oskaloosa, IA",Micropolitan Statistical Area,"22,381","22,335",533,530,570.9,
36860,"Ottawa-Streator, IL",Micropolitan Statistical Area,"154,908","153,098",10,4,"2,164.3",
36900,"Ottumwa, IA",Micropolitan Statistical Area,"35,625","36,051",407,380,431.8,
36940,"Owatonna, MN",Micropolitan Statistical Area,"36,576","33,680",395,412,429.6,
37020,"Owosso, MI",Micropolitan Statistical Area,"70,648","71,687",121,102,530.7,
37060,"Oxford, MS",Micropolitan Statistical Area,"47,351","38,744",264,337,631.7,
37140,"Paducah, KY-IL",Micropolitan Statistical Area,"98,762","98,765",52,39,"1,045.7",
37220,"Pahrump, NV",Micropolitan Statistical Area,"43,946","32,485",300,432,"18,181.9",
37260,"Palatka, FL",Micropolitan Statistical Area,"74,364","70,423",109,108,727.6,
37300,"Palestine, TX",Micropolitan Statistical Area,"58,458","55,109",188,186,"1,062.6",
37420,"Pampa, TX",Micropolitan Statistical Area,"23,464","23,631",520,518,"1,850.0",
37500,"Paragould, AR",Micropolitan Statistical Area,"42,090","37,331",320,361,577.7,
37540,"Paris, TN",Micropolitan Statistical Area,"32,330","31,115",442,449,562.1,
37580,"Paris, TX",Micropolitan Statistical Area,"49,793","48,499",245,238,907.2,
37660,"Parsons, KS",Micropolitan Statistical Area,"21,607","22,835",543,527,645.3,
37740,"Payson, AZ",Micropolitan Statistical Area,"53,597","51,335",213,214,"4,757.9",
37780,"Pecos, TX",Micropolitan Statistical Area,"13,783","13,137",572,575,"2,635.4",
37800,"Pella, IA",Micropolitan Statistical Area,"33,309","32,052",428,436,554.5,
37820,"Pendleton-Hermiston, OR",Micropolitan Statistical Area,"87,062","81,543",71,74,"5,247.1",
37940,"Peru, IN",Micropolitan Statistical Area,"36,903","36,082",386,378,373.8,
38020,"Phoenix Lake-Cedar Ridge, CA",Micropolitan Statistical Area,"55,365","54,501",200,190,"2,220.9",
38100,"Picayune, MS",Micropolitan Statistical Area,"55,834","48,621",198,235,810.9,
38180,"Pierre, SD",Micropolitan Statistical Area,"19,988","19,253",556,554,"2,186.0",
38200,"Pierre Part, LA",Micropolitan Statistical Area,"23,421","23,388",522,522,338.7,
38260,"Pittsburg, KS",Micropolitan Statistical Area,"39,134","38,242",354,348,589.8,
38380,"Plainview, TX",Micropolitan Statistical Area,"36,273","36,602",400,369,"1,004.7",
38420,"Platteville, WI",Micropolitan Statistical Area,"51,208","49,597",234,224,"1,146.8",
38460,"Plattsburgh, NY",Micropolitan Statistical Area,"82,128","79,894",83,78,"1,037.9",
38500,"Plymouth, IN",Micropolitan Statistical Area,"47,051","45,128",267,266,443.6,
38580,"Point Pleasant, WV-OH",Micropolitan Statistical Area,"58,258","57,026",190,173,897.3,
38620,"Ponca City, OK",Micropolitan Statistical Area,"46,562","48,080",275,241,919.7,
38700,"Pontiac, IL",Micropolitan Statistical Area,"38,950","39,678",357,324,"1,044.3",
38740,"Poplar Bluff, MO",Micropolitan Statistical Area,"42,794","40,867",312,306,694.7,
38780,"Portales, NM",Micropolitan Statistical Area,"19,846","18,018",557,559,"2,447.4",
38820,"Port Angeles, WA",Micropolitan Statistical Area,"71,404","64,525",117,130,"1,738.3",
39020,"Portsmouth, OH",Micropolitan Statistical Area,"79,499","79,195",91,82,610.2,
39060,"Pottsville, PA",Micropolitan Statistical Area,"148,289","150,336",13,5,778.6,
39220,"Price, UT",Micropolitan Statistical Area,"21,403","20,422",545,543,"1,478.5",
39260,"Prineville, OR",Micropolitan Statistical Area,"20,978","19,182",549,555,"2,979.1",
39420,"Pullman, WA",Micropolitan Statistical Area,"44,776","40,740",296,308,"2,159.1",
39500,"Quincy, IL-MO",Micropolitan Statistical Area,"77,314","78,771",100,83,"1,360.2",
39700,"Raymondville, TX",Micropolitan Statistical Area,"22,134","20,082",538,548,590.6,
39780,"Red Bluff, CA",Micropolitan Statistical Area,"63,463","56,039",157,179,"2,949.7",
39860,"Red Wing, MN",Micropolitan Statistical Area,"46,183","44,127",277,273,756.8,
39940,"Rexburg, ID",Micropolitan Statistical Area,"50,778","39,286",240,332,"2,332.7",
39980,"Richmond, IN",Micropolitan Statistical Area,"68,917","71,097",131,107,401.7,
40080,"Richmond-Berea, KY",Micropolitan Statistical Area,"99,972","87,454",46,58,753.8,
40100,"Rio Grande City-Roma, TX",Micropolitan Statistical Area,"60,968","53,597",169,198,"1,223.2",
40180,"Riverton, WY",Micropolitan Statistical Area,"40,123","35,804",339,386,"9,183.8",
40260,"Roanoke Rapids, NC",Micropolitan Statistical Area,"76,790","79,456",103,80,"1,260.7",
40300,"Rochelle, IL",Micropolitan Statistical Area,"53,497","51,032",215,218,758.6,
40460,"Rockingham, NC",Micropolitan Statistical Area,"46,639","46,564",274,252,473.8,
40500,"Rockland, ME",Micropolitan Statistical Area,"39,736","39,618",345,326,365.1,
40540,"Rock Springs, WY",Micropolitan Statistical Area,"43,806","37,613",303,358,"10,426.6",
40620,"Rolla, MO",Micropolitan Statistical Area,"45,156","39,825",292,323,671.8,
40700,"Roseburg, OR",Micropolitan Statistical Area,"107,667","100,399",35,37,"5,036.1",
40740,"Roswell, NM",Micropolitan Statistical Area,"65,645","61,382",145,151,"6,065.3",
40760,"Ruidoso, NM",Micropolitan Statistical Area,"20,497","19,411",553,553,"4,831.1",
40780,"Russellville, AR",Micropolitan Statistical Area,"83,939","75,608",76,86,"1,742.5",
40820,"Ruston, LA",Micropolitan Statistical Area,"63,009","57,906",161,169,"1,040.9",
40860,"Rutland, VT",Micropolitan Statistical Area,"61,642","63,400",167,135,929.8,
40940,"Safford, AZ",Micropolitan Statistical Area,"45,657","42,036",286,292,"6,465.7",
41220,"St. Marys, GA",Micropolitan Statistical Area,"50,513","43,664",242,279,613.0,
41260,"St. Marys, PA",Micropolitan Statistical Area,"31,946","35,112",447,390,827.4,
41460,"Salina, KS",Micropolitan Statistical Area,"61,697","59,760",166,156,"1,441.0",
41580,"Salisbury, NC",Micropolitan Statistical Area,"138,428","130,340",17,14,511.4,
41820,"Sanford, NC",Micropolitan Statistical Area,"57,866","49,040",192,229,255.0,
42300,"Sault Ste. Marie, MI",Micropolitan Statistical Area,"38,520","38,543",362,339,"1,558.4",
42380,"Sayre, PA",Micropolitan Statistical Area,"62,622","62,761",162,142,"1,147.4",
42420,"Scottsbluff, NE",Micropolitan Statistical Area,"37,660","37,770",373,355,"1,485.5",
42460,"Scottsboro, AL",Micropolitan Statistical Area,"53,227","53,926",216,194,"1,077.9",
42500,"Scottsburg, IN",Micropolitan Statistical Area,"24,181","22,960",517,525,190.4,
42580,"Seaford, DE",Micropolitan Statistical Area,"197,145","156,638",1,3,936.1,
42620,"Searcy, AR",Micropolitan Statistical Area,"77,076","67,165",102,120,"1,035.1",
42700,"Sebring, FL",Micropolitan Statistical Area,"98,786","87,366",50,59,"1,016.6",
42740,"Sedalia, MO",Micropolitan Statistical Area,"42,201","39,403",319,329,682.2,
42780,"Selinsgrove, PA",Micropolitan Statistical Area,"39,702","37,546",346,360,328.7,
42820,"Selma, AL",Micropolitan Statistical Area,"43,820","46,365",302,256,978.7,
42860,"Seneca, SC",Micropolitan Statistical Area,"74,273","66,215",110,124,626.3,
42900,"Seneca Falls, NY",Micropolitan Statistical Area,"35,251","33,342",410,420,323.7,
42940,"Sevierville, TN",Micropolitan Statistical Area,"89,889","71,170",63,106,592.5,
42980,"Seymour, IN",Micropolitan Statistical Area,"42,376","41,335",316,298,509.3,
43060,"Shawnee, OK",Micropolitan Statistical Area,"69,442","65,521",129,127,787.7,
43140,"Shelby, NC",Micropolitan Statistical Area,"98,078","96,287",53,42,464.3,
43180,"Shelbyville, TN",Micropolitan Statistical Area,"45,058","37,586",293,359,473.6,
43220,"Shelton, WA",Micropolitan Statistical Area,"60,699","49,405",172,227,959.4,
43260,"Sheridan, WY",Micropolitan Statistical Area,"29,116","26,560",470,492,"2,524.0",
43320,"Show Low, AZ",Micropolitan Statistical Area,"107,449","97,470",36,41,"9,950.4",
43380,"Sidney, OH",Micropolitan Statistical Area,"49,423","47,910",249,243,407.7,
43420,"Sierra Vista-Douglas, AZ",Micropolitan Statistical Area,"131,346","117,755",22,22,"6,165.7",
43460,"Sikeston, MO",Micropolitan Statistical Area,"39,191","40,422",351,314,420.0,
43500,"Silver City, NM",Micropolitan Statistical Area,"29,514","31,002",466,451,"3,961.6",
43540,"Silverthorne, CO",Micropolitan Statistical Area,"27,994","23,548",484,519,608.4,
43660,"Snyder, TX",Micropolitan Statistical Area,"16,921","16,361",564,566,905.4,
43700,"Somerset, KY",Micropolitan Statistical Area,"63,063","56,217",159,178,658.4,
43740,"Somerset, PA",Micropolitan Statistical Area,"77,742","80,023",97,77,"1,074.4",
43860,"Southern Pines-Pinehurst, NC",Micropolitan Statistical Area,"88,247","74,769",69,89,697.8,
43940,"Spearfish, SD",Micropolitan Statistical Area,"24,097","21,802",518,536,800.0,
43980,"Spencer, IA",Micropolitan Statistical Area,"16,667","17,372",565,561,567.2,
44020,"Spirit Lake, IA",Micropolitan Statistical Area,"16,667","16,424",565,565,380.6,
44260,"Starkville, MS",Micropolitan Statistical Area,"47,671","42,902",259,283,458.2,
44340,"Statesboro, GA",Micropolitan Statistical Area,"70,217","55,983",124,180,672.8,
44380,"Statesville-Mooresville, NC",Micropolitan Statistical Area,"159,437","122,660",9,20,573.8,
44420,"Staunton-Waynesboro, VA",Micropolitan Statistical Area,"118,502","108,988",26,30,"1,002.0",
44500,"Stephenville, TX",Micropolitan Statistical Area,"37,890","33,001",370,425,"1,083.1",
44540,"Sterling, CO",Micropolitan Statistical Area,"22,709","20,504",530,542,"1,838.5",
44580,"Sterling, IL",Micropolitan Statistical Area,"58,498","60,653",187,154,684.2,
44620,"Stevens Point, WI",Micropolitan Statistical Area,"70,019","67,182",126,119,800.7,
44660,"Stillwater, OK",Micropolitan Statistical Area,"77,350","68,190",99,115,684.7,
44740,"Storm Lake, IA",Micropolitan Statistical Area,"20,260","20,411",554,544,574.9,
44780,"Sturgis, MI",Micropolitan Statistical Area,"61,295","62,422",168,143,500.6,
44860,"Sulphur Springs, TX",Micropolitan Statistical Area,"35,161","31,960",411,439,767.2,
44900,"Summerville, GA",Micropolitan Statistical Area,"26,015","25,470",501,502,313.3,
44980,"Sunbury, PA",Micropolitan Statistical Area,"94,528","94,556",54,44,458.4,
45000,"Susanville, CA",Micropolitan Statistical Area,"34,895","33,828",414,408,"4,541.2",
45020,"Sweetwater, TX",Micropolitan Statistical Area,"15,216","15,802",568,567,912.0,
45140,"Tahlequah, OK",Micropolitan Statistical Area,"46,987","42,521",269,288,749.4,
45180,"Talladega-Sylacauga, AL",Micropolitan Statistical Area,"82,291","80,321",82,75,736.8,
45260,"Tallulah, LA",Micropolitan Statistical Area,"12,093","13,728",576,573,624.4,
45340,"Taos, NM",Micropolitan Statistical Area,"32,937","29,979",433,460,"2,203.1",
45380,"Taylorville, IL",Micropolitan Statistical Area,"34,800","35,372",417,388,709.4,
45520,"The Dalles, OR",Micropolitan Statistical Area,"25,213","23,791",508,515,"2,381.5",
45540,"The Villages, FL",Micropolitan Statistical Area,"93,420","53,345",56,201,546.9,
45580,"Thomaston, GA",Micropolitan Statistical Area,"27,153","27,597",493,480,323.4,
45620,"Thomasville, GA",Micropolitan Statistical Area,"44,720","42,737",297,285,544.6,
45640,"Thomasville-Lexington, NC",Micropolitan Statistical Area,"162,878","147,246",8,7,552.7,
45660,"Tiffin, OH",Micropolitan Statistical Area,"56,745","58,683",195,164,551.0,
45700,"Tifton, GA",Micropolitan Statistical Area,"40,118","38,407",340,341,258.9,
45740,"Toccoa, GA",Micropolitan Statistical Area,"26,175","25,435",499,503,179.1,
45860,"Torrington, CT",Micropolitan Statistical Area,"189,927","182,193",2,1,920.6,
45900,"Traverse City, MI",Micropolitan Statistical Area,"143,372","131,342",15,13,"1,691.1",
45980,"Troy, AL",Micropolitan Statistical Area,"32,899","29,605",434,466,672.1,
46020,"Truckee-Grass Valley, CA",Micropolitan Statistical Area,"98,764","92,033",51,50,957.8,
46100,"Tullahoma, TN",Micropolitan Statistical Area,"100,210","93,024",44,47,"1,112.7",
46180,"Tupelo, MS",Micropolitan Statistical Area,"136,268","125,251",18,18,"1,480.4",
46260,"Tuskegee, AL",Micropolitan Statistical Area,"21,452","24,105",544,512,608.9,
46300,"Twin Falls, ID",Micropolitan Statistical Area,"99,604","82,626",48,69,"2,518.4",
46380,"Ukiah, CA",Micropolitan Statistical Area,"87,841","86,265",70,60,"3,506.3",
46420,"Union, SC",Micropolitan Statistical Area,"28,961","29,881",472,462,514.2,
46460,"Union City, TN-KY",Micropolitan Statistical Area,"38,620","40,202",361,317,750.2,
46500,"Urbana, OH",Micropolitan Statistical Area,"40,097","38,890",341,336,428.7,
46620,"Uvalde, TX",Micropolitan Statistical Area,"26,405","25,926",496,497,"1,551.9",
46740,"Valley, AL",Micropolitan Statistical Area,"34,215","36,583",420,370,596.5,
46780,"Van Wert, OH",Micropolitan Statistical Area,"28,744","29,659",474,464,409.2,
46820,"Vermillion, SD",Micropolitan Statistical Area,"13,864","13,537",570,574,412.2,
46860,"Vernal, UT",Micropolitan Statistical Area,"32,588","25,224",438,505,"4,479.7",
46900,"Vernon, TX",Micropolitan Statistical Area,"13,535","14,676",574,570,970.8,
46980,"Vicksburg, MS",Micropolitan Statistical Area,"48,773","49,644",253,223,588.5,
47080,"Vidalia, GA",Micropolitan Statistical Area,"36,346","34,337",397,400,603.5,
47180,"Vincennes, IN",Micropolitan Statistical Area,"38,440","39,256",363,333,516.0,
47340,"Wabash, IN",Micropolitan Statistical Area,"32,888","34,960",435,391,412.4,
47420,"Wahpeton, ND-MN",Micropolitan Statistical Area,"22,897","25,136",528,506,"2,186.7",
47460,"Walla Walla, WA",Micropolitan Statistical Area,"58,781","55,180",186,185,"1,270.1",
47500,"Walterboro, SC",Micropolitan Statistical Area,"38,892","38,264",359,346,"1,056.5",
47540,"Wapakoneta, OH",Micropolitan Statistical Area,"45,949","46,611",282,251,401.4,
47620,"Warren, PA",Micropolitan Statistical Area,"41,815","43,863",323,278,884.1,
47660,"Warrensburg, MO",Micropolitan Statistical Area,"52,595","48,258",222,239,829.3,
47700,"Warsaw, IN",Micropolitan Statistical Area,"77,358","74,057",98,93,531.4,
47780,"Washington, IN",Micropolitan Statistical Area,"31,648","29,820",450,463,429.5,
47820,"Washington, NC",Micropolitan Statistical Area,"47,759","44,958",256,271,827.2,
47920,"Washington Court House, OH",Micropolitan Statistical Area,"29,030","28,433",471,474,406.4,
47980,"Watertown, SD",Micropolitan Statistical Area,"33,130","31,437",431,444,"1,195.7",
48020,"Watertown-Fort Atkinson, WI",Micropolitan Statistical Area,"83,686","74,021",78,94,556.5,
48060,"Watertown-Fort Drum, NY",Micropolitan Statistical Area,"116,229","111,738",29,27,"1,268.6",
48100,"Wauchula, FL",Micropolitan Statistical Area,"27,731","26,938",487,487,637.8,
48180,"Waycross, GA",Micropolitan Statistical Area,"55,070","51,119",204,216,"1,209.0",
48220,"Weatherford, OK",Micropolitan Statistical Area,"27,469","26,142",490,496,988.8,
48460,"West Plains, MO",Micropolitan Statistical Area,"40,400","37,238",337,363,927.2,
48500,"West Point, MS",Micropolitan Statistical Area,"20,634","21,979",552,532,410.1,
48580,"Whitewater, WI",Micropolitan Statistical Area,"102,228","93,759",41,45,555.1,
48740,"Willimantic, CT",Micropolitan Statistical Area,"118,428","109,091",27,29,512.9,
48780,"Williston, ND",Micropolitan Statistical Area,"22,398","19,761",532,551,"2,077.4",
48820,"Willmar, MN",Micropolitan Statistical Area,"42,239","41,203",317,300,796.8,
48940,"Wilmington, OH",Micropolitan Statistical Area,"42,040","40,543",321,311,408.7,
48980,"Wilson, NC",Micropolitan Statistical Area,"81,234","73,814",86,96,368.2,
49060,"Winfield, KS",Micropolitan Statistical Area,"36,311","36,291",398,373,"1,125.8",
49100,"Winona, MN",Micropolitan Statistical Area,"51,461","49,985",231,221,626.2,
49260,"Woodward, OK",Micropolitan Statistical Area,"20,081","18,486",555,557,"1,242.4",
49300,"Wooster, OH",Micropolitan Statistical Area,"114,520","111,564",31,28,554.9,
49380,"Worthington, MN",Micropolitan Statistical Area,"21,378","20,832",546,540,715.1,
49460,"Yankton, SD",Micropolitan Statistical Area,"22,438","21,652",531,538,521.2,
49540,"Yazoo City, MS",Micropolitan Statistical Area,"28,065","28,149",483,478,922.9,
49780,"Zanesville, OH",Micropolitan Statistical Area,"86,074","84,585",73,63,664.6,
